/* 4K ISA terminal 00 params — captured from Camera HAL (28288 bytes) */
static const uint8_t ISA_TERM00_4K_DATA[] = {
	  0x00, 0x00, 0x00, 0x00, 0x00, 0x00, 0x00, 0x00, 0x00, 0x00, 0x00, 0x00,
	  0x00, 0x00, 0x00, 0x00, 0x00, 0x00, 0x00, 0x00, 0x00, 0x00, 0x00, 0x00,
	  0x00, 0x00, 0x00, 0x00, 0x00, 0x00, 0x00, 0x00, 0x00, 0x00, 0x00, 0x00,
	  0x00, 0x00, 0x00, 0x00, 0x00, 0x00, 0x00, 0x00, 0x00, 0x00, 0x00, 0x00,
	  0x00, 0x00, 0x00, 0x00, 0x00, 0x00, 0x00, 0x00, 0x00, 0x00, 0x00, 0x00,
	  0x00, 0x00, 0x00, 0x00, 0x00, 0x00, 0x00, 0x00, 0x00, 0x00, 0x00, 0x00,
	  0x00, 0x00, 0x00, 0x00, 0x00, 0x00, 0x00, 0x00, 0x00, 0x00, 0x00, 0x00,
	  0x00, 0x00, 0x00, 0x00, 0x00, 0x00, 0x00, 0x00, 0x00, 0x00, 0x00, 0x00,
	  0x00, 0x00, 0x00, 0x00, 0x00, 0x00, 0x00, 0x00, 0x00, 0x00, 0x00, 0x00,
	  0x00, 0x00, 0x00, 0x00, 0x00, 0x00, 0x00, 0x00, 0x00, 0x00, 0x00, 0x00,
	  0x00, 0x00, 0x00, 0x00, 0x00, 0x00, 0x00, 0x00, 0x00, 0x00, 0x00, 0x00,
	  0x00, 0x00, 0x00, 0x00, 0x00, 0x00, 0x00, 0x00, 0x00, 0x00, 0x00, 0x00,
	  0x00, 0x00, 0x00, 0x00, 0x00, 0x00, 0x00, 0x00, 0x00, 0x00, 0x00, 0x00,
	  0x00, 0x00, 0x00, 0x00, 0x00, 0x00, 0x00, 0x00, 0x00, 0x00, 0x00, 0x00,
	  0x00, 0x00, 0x00, 0x00, 0x00, 0x00, 0x00, 0x00, 0x00, 0x00, 0x00, 0x00,
	  0x00, 0x00, 0x00, 0x00, 0x00, 0x00, 0x00, 0x00, 0x00, 0x00, 0x00, 0x00,
	  0x00, 0x00, 0x00, 0x00, 0x00, 0x00, 0x00, 0x00, 0x00, 0x00, 0x00, 0x00,
	  0x00, 0x00, 0x00, 0x00, 0x00, 0x00, 0x00, 0x00, 0x00, 0x00, 0x00, 0x00,
	  0x00, 0x00, 0x00, 0x00, 0x00, 0x06, 0x01, 0x00, 0xff, 0x07, 0xff, 0x07,
	  0x00, 0x00, 0x00, 0x00, 0x00, 0x08, 0xff, 0x07, 0x00, 0x00, 0x00, 0x00,
	  0x00, 0x00, 0x00, 0x00, 0x00, 0x00, 0x00, 0x00, 0x00, 0x00, 0x00, 0x00,
	  0x00, 0x00, 0x00, 0x00, 0x79, 0xf7, 0x79, 0xf7, 0x79, 0xf7, 0x79, 0xf7,
	  0x79, 0xf7, 0x79, 0xf7, 0x79, 0xf7, 0x79, 0xf7, 0x79, 0xf7, 0x79, 0xf7,
	  0x79, 0xf7, 0x79, 0xf7, 0x79, 0xf7, 0x79, 0xf7, 0x79, 0xf7, 0x79, 0xf7,
	  0x79, 0xf7, 0x79, 0xf7, 0x79, 0xf7, 0x79, 0xf7, 0x79, 0xf7, 0x79, 0xf7,
	  0x79, 0xf7, 0x79, 0xf7, 0x79, 0xf7, 0x79, 0xf7, 0x79, 0xf7, 0x79, 0xf7,
	  0x79, 0xf7, 0x79, 0xf7, 0x79, 0xf7, 0x79, 0xf7, 0x79, 0xf7, 0x79, 0xf7,
	  0x79, 0xf7, 0x79, 0xf7, 0x79, 0xf7, 0x79, 0xf7, 0x79, 0xf7, 0x79, 0xf7,
	  0x79, 0xf7, 0x79, 0xf7, 0x79, 0xf7, 0x79, 0xf7, 0x79, 0xf7, 0x79, 0xf7,
	  0x79, 0xf7, 0x79, 0xf7, 0x79, 0xf7, 0x79, 0xf7, 0x79, 0xf7, 0x79, 0xf7,
	  0x79, 0xf7, 0x79, 0xf7, 0x79, 0xf7, 0x79, 0xf7, 0x79, 0xf7, 0x79, 0xf7,
	  0x79, 0xf7, 0x79, 0xf7, 0x79, 0xf7, 0x9b, 0xf9, 0xbd, 0xfb, 0xdf, 0xfd,
	  0x01, 0x00, 0x23, 0x02, 0x45, 0x04, 0x67, 0x06, 0x8a, 0x08, 0xac, 0x0a,
	  0xce, 0x0c, 0xf0, 0x0e, 0x12, 0x11, 0x34, 0x13, 0x56, 0x15, 0x78, 0x17,
	  0x9a, 0x19, 0xbd, 0x1b, 0xdf, 0x1d, 0x01, 0x20, 0x23, 0x22, 0x45, 0x24,
	  0x67, 0x26, 0x89, 0x28, 0xab, 0x2a, 0xce, 0x2c, 0xf0, 0x2e, 0x12, 0x31,
	  0x34, 0x33, 0x56, 0x35, 0x78, 0x37, 0x9a, 0x39, 0xbc, 0x3b, 0xde, 0x3d,
	  0x01, 0x40, 0x23, 0x42, 0x45, 0x44, 0x67, 0x46, 0x89, 0x48, 0xab, 0x4a,
	  0xcd, 0x4c, 0xef, 0x4e, 0x12, 0x51, 0x34, 0x53, 0x56, 0x55, 0x78, 0x57,
	  0x9a, 0x59, 0xbc, 0x5b, 0xde, 0x5d, 0x00, 0x60, 0x22, 0x62, 0x45, 0x64,
	  0x67, 0x66, 0x89, 0x68, 0xab, 0x6a, 0xcd, 0x6c, 0xef, 0x6e, 0x11, 0x71,
	  0x33, 0x73, 0x56, 0x75, 0x78, 0x77, 0x9a, 0x79, 0xbc, 0x7b, 0xde, 0x7d,
	  0xff, 0x7f, 0xff, 0x7f, 0xff, 0x7f, 0xff, 0x7f, 0xff, 0x7f, 0xff, 0x7f,
	  0xff, 0x7f, 0xff, 0x7f, 0xff, 0x7f, 0xff, 0x7f, 0xff, 0x7f, 0xff, 0x7f,
	  0xff, 0x7f, 0xff, 0x7f, 0xff, 0x7f, 0xff, 0x7f, 0xff, 0x7f, 0xff, 0x7f,
	  0xff, 0x7f, 0xff, 0x7f, 0xff, 0x7f, 0xff, 0x7f, 0xff, 0x7f, 0xff, 0x7f,
	  0xff, 0x7f, 0xff, 0x7f, 0xff, 0x7f, 0xff, 0x7f, 0xff, 0x7f, 0xff, 0x7f,
	  0xff, 0x7f, 0xff, 0x7f, 0xff, 0x7f, 0xff, 0x7f, 0xff, 0x7f, 0xff, 0x7f,
	  0xff, 0x7f, 0xff, 0x7f, 0xff, 0x7f, 0xff, 0x7f, 0xff, 0x7f, 0xff, 0x7f,
	  0xff, 0x7f, 0xff, 0x7f, 0xff, 0x7f, 0xff, 0x7f, 0xff, 0x7f, 0xff, 0x7f,
	  0xff, 0x7f, 0xff, 0x7f, 0xff, 0x7f, 0xff, 0x7f, 0xff, 0x7f, 0xff, 0x7f,
	  0xff, 0x7f, 0xff, 0x7f, 0xff, 0x7f, 0xff, 0x7f, 0xff, 0x7f, 0xff, 0x7f,
	  0xff, 0x7f, 0xff, 0x7f, 0xff, 0x7f, 0xff, 0x7f, 0xff, 0x7f, 0xff, 0x7f,
	  0xff, 0x7f, 0xff, 0x7f, 0xff, 0x7f, 0xff, 0x7f, 0xff, 0x7f, 0xff, 0x7f,
	  0xff, 0x7f, 0xff, 0x7f, 0xff, 0x7f, 0xff, 0x7f, 0xff, 0x7f, 0xff, 0x7f,
	  0xff, 0x7f, 0xff, 0x7f, 0xff, 0x7f, 0xff, 0x7f, 0xff, 0x7f, 0xff, 0x7f,
	  0xff, 0x7f, 0xff, 0x7f, 0xff, 0x7f, 0xff, 0x7f, 0xff, 0x7f, 0xff, 0x7f,
	  0xff, 0x7f, 0xff, 0x7f, 0xff, 0x7f, 0xff, 0x7f, 0xff, 0x7f, 0xff, 0x7f,
	  0xff, 0x7f, 0xff, 0x7f, 0xff, 0x7f, 0xff, 0x7f, 0xff, 0x7f, 0xff, 0x7f,
	  0xff, 0x7f, 0xff, 0x7f, 0xff, 0x7f, 0xff, 0x7f, 0xff, 0x7f, 0xff, 0x7f,
	  0xff, 0x7f, 0xff, 0x7f, 0xff, 0x7f, 0xff, 0x7f, 0xff, 0x7f, 0xff, 0x7f,
	  0xff, 0x7f, 0xff, 0x7f, 0xff, 0x7f, 0xff, 0x7f, 0xff, 0x7f, 0xff, 0x7f,
	  0xff, 0x7f, 0xff, 0x7f, 0xff, 0x7f, 0xff, 0x7f, 0xff, 0x7f, 0xff, 0x7f,
	  0xff, 0x7f, 0xff, 0x7f, 0xff, 0x7f, 0xff, 0x7f, 0xff, 0x7f, 0xff, 0x7f,
	  0xff, 0x7f, 0xff, 0x7f, 0xff, 0x7f, 0xff, 0x7f, 0xff, 0x7f, 0xff, 0x7f,
	  0xff, 0x7f, 0xff, 0x7f, 0xff, 0x7f, 0xff, 0x7f, 0xff, 0x7f, 0xff, 0x7f,
	  0xff, 0x7f, 0xff, 0x7f, 0xff, 0x7f, 0xff, 0x7f, 0xff, 0x7f, 0xff, 0x7f,
	  0xff, 0x7f, 0xff, 0x7f, 0xff, 0x7f, 0xff, 0x7f, 0xff, 0x7f, 0xff, 0x7f,
	  0xff, 0x7f, 0xff, 0x7f, 0xff, 0x7f, 0xff, 0x7f, 0xff, 0x7f, 0xff, 0x7f,
	  0xff, 0x7f, 0xff, 0x7f, 0xff, 0x7f, 0xff, 0x7f, 0xff, 0x7f, 0xff, 0x7f,
	  0xff, 0x7f, 0xff, 0x7f, 0xff, 0x7f, 0xff, 0x7f, 0xff, 0x7f, 0xff, 0x7f,
	  0xff, 0x7f, 0xff, 0x7f, 0xff, 0x7f, 0xff, 0x7f, 0xff, 0x7f, 0xff, 0x7f,
	  0xff, 0x7f, 0xff, 0x7f, 0xff, 0x7f, 0xff, 0x7f, 0xff, 0x7f, 0xff, 0x7f,
	  0xff, 0x7f, 0xff, 0x7f, 0xff, 0x7f, 0xff, 0x7f, 0xff, 0x7f, 0xff, 0x7f,
	  0xff, 0x7f, 0xff, 0x7f, 0xff, 0x7f, 0xff, 0x7f, 0xff, 0x7f, 0xff, 0x7f,
	  0xff, 0x7f, 0xff, 0x7f, 0xff, 0x7f, 0xff, 0x7f, 0xff, 0x7f, 0xff, 0x7f,
	  0xff, 0x7f, 0xff, 0x7f, 0xff, 0x7f, 0xff, 0x7f, 0xff, 0x7f, 0xff, 0x7f,
	  0xff, 0x7f, 0xff, 0x7f, 0xff, 0x7f, 0xff, 0x7f, 0xff, 0x7f, 0xff, 0x7f,
	  0xff, 0x7f, 0xff, 0x7f, 0xff, 0x7f, 0xff, 0x7f, 0xff, 0x7f, 0xff, 0x7f,
	  0xff, 0x7f, 0xff, 0x7f, 0xff, 0x7f, 0xff, 0x7f, 0xff, 0x7f, 0xff, 0x7f,
	  0xff, 0x7f, 0xff, 0x7f, 0xff, 0x7f, 0xff, 0x7f, 0xff, 0x7f, 0xff, 0x7f,
	  0xff, 0x7f, 0xff, 0x7f, 0xff, 0x7f, 0xff, 0x7f, 0xff, 0x7f, 0xff, 0x7f,
	  0xff, 0x7f, 0xff, 0x7f, 0xff, 0x7f, 0xff, 0x7f, 0xff, 0x7f, 0xff, 0x7f,
	  0xff, 0x7f, 0xff, 0x7f, 0xff, 0x7f, 0xff, 0x7f, 0xff, 0x7f, 0xff, 0x7f,
	  0xff, 0x7f, 0xff, 0x7f, 0xff, 0x7f, 0xff, 0x7f, 0xff, 0x7f, 0xff, 0x7f,
	  0xff, 0x7f, 0xff, 0x7f, 0xff, 0x7f, 0xff, 0x7f, 0xff, 0x7f, 0xff, 0x7f,
	  0xff, 0x7f, 0xff, 0x7f, 0xff, 0x7f, 0xff, 0x7f, 0xff, 0x7f, 0xff, 0x7f,
	  0xff, 0x7f, 0xff, 0x7f, 0xff, 0x7f, 0xff, 0x7f, 0xff, 0x7f, 0xff, 0x7f,
	  0xff, 0x7f, 0xff, 0x7f, 0xff, 0x7f, 0xff, 0x7f, 0xff, 0x7f, 0xff, 0x7f,
	  0xff, 0x7f, 0xff, 0x7f, 0xff, 0x7f, 0xff, 0x7f, 0xff, 0x7f, 0xff, 0x7f,
	  0xff, 0x7f, 0xff, 0x7f, 0xff, 0x7f, 0xff, 0x7f, 0xff, 0x7f, 0xff, 0x7f,
	  0xff, 0x7f, 0xff, 0x7f, 0xff, 0x7f, 0xff, 0x7f, 0xff, 0x7f, 0xff, 0x7f,
	  0xff, 0x7f, 0xff, 0x7f, 0xff, 0x7f, 0xff, 0x7f, 0xff, 0x7f, 0xff, 0x7f,
	  0xff, 0x7f, 0xff, 0x7f, 0xff, 0x7f, 0xff, 0x7f, 0xff, 0x7f, 0xff, 0x7f,
	  0xff, 0x7f, 0xff, 0x7f, 0xff, 0x7f, 0xff, 0x7f, 0xff, 0x7f, 0xff, 0x7f,
	  0xff, 0x7f, 0xff, 0x7f, 0xff, 0x7f, 0xff, 0x7f, 0xff, 0x7f, 0xff, 0x7f,
	  0xff, 0x7f, 0xff, 0x7f, 0xff, 0x7f, 0xff, 0x7f, 0xff, 0x7f, 0xff, 0x7f,
	  0xff, 0x7f, 0xff, 0x7f, 0xff, 0x7f, 0xff, 0x7f, 0xff, 0x7f, 0xff, 0x7f,
	  0xff, 0x7f, 0xff, 0x7f, 0xff, 0x7f, 0xff, 0x7f, 0xff, 0x7f, 0xff, 0x7f,
	  0xff, 0x7f, 0xff, 0x7f, 0xff, 0x7f, 0xff, 0x7f, 0xff, 0x7f, 0xff, 0x7f,
	  0xff, 0x7f, 0xff, 0x7f, 0xff, 0x7f, 0xff, 0x7f, 0xff, 0x7f, 0xff, 0x7f,
	  0xff, 0x7f, 0xff, 0x7f, 0xff, 0x7f, 0xff, 0x7f, 0xff, 0x7f, 0xff, 0x7f,
	  0xff, 0x7f, 0xff, 0x7f, 0xff, 0x7f, 0xff, 0x7f, 0xff, 0x7f, 0xff, 0x7f,
	  0xff, 0x7f, 0xff, 0x7f, 0xff, 0x7f, 0xff, 0x7f, 0xff, 0x7f, 0xff, 0x7f,
	  0xff, 0x7f, 0xff, 0x7f, 0xff, 0x7f, 0xff, 0x7f, 0xff, 0x7f, 0xff, 0x7f,
	  0xff, 0x7f, 0xff, 0x7f, 0xff, 0x7f, 0xff, 0x7f, 0xff, 0x7f, 0xff, 0x7f,
	  0xff, 0x7f, 0xff, 0x7f, 0xff, 0x7f, 0xff, 0x7f, 0x79, 0xf7, 0x79, 0xf7,
	  0x79, 0xf7, 0x79, 0xf7, 0x79, 0xf7, 0x79, 0xf7, 0x79, 0xf7, 0x79, 0xf7,
	  0x79, 0xf7, 0x79, 0xf7, 0x79, 0xf7, 0x79, 0xf7, 0x79, 0xf7, 0x79, 0xf7,
	  0x79, 0xf7, 0x79, 0xf7, 0x79, 0xf7, 0x79, 0xf7, 0x79, 0xf7, 0x79, 0xf7,
	  0x79, 0xf7, 0x79, 0xf7, 0x79, 0xf7, 0x79, 0xf7, 0x79, 0xf7, 0x79, 0xf7,
	  0x79, 0xf7, 0x79, 0xf7, 0x79, 0xf7, 0x79, 0xf7, 0x79, 0xf7, 0x79, 0xf7,
	  0x79, 0xf7, 0x79, 0xf7, 0x79, 0xf7, 0x79, 0xf7, 0x79, 0xf7, 0x79, 0xf7,
	  0x79, 0xf7, 0x79, 0xf7, 0x79, 0xf7, 0x79, 0xf7, 0x79, 0xf7, 0x79, 0xf7,
	  0x79, 0xf7, 0x79, 0xf7, 0x79, 0xf7, 0x79, 0xf7, 0x79, 0xf7, 0x79, 0xf7,
	  0x79, 0xf7, 0x79, 0xf7, 0x79, 0xf7, 0x79, 0xf7, 0x79, 0xf7, 0x79, 0xf7,
	  0x79, 0xf7, 0x79, 0xf7, 0x79, 0xf7, 0x79, 0xf7, 0x79, 0xf7, 0x9b, 0xf9,
	  0xbd, 0xfb, 0xdf, 0xfd, 0x01, 0x00, 0x23, 0x02, 0x45, 0x04, 0x67, 0x06,
	  0x8a, 0x08, 0xac, 0x0a, 0xce, 0x0c, 0xf0, 0x0e, 0x12, 0x11, 0x34, 0x13,
	  0x56, 0x15, 0x78, 0x17, 0x9a, 0x19, 0xbd, 0x1b, 0xdf, 0x1d, 0x01, 0x20,
	  0x23, 0x22, 0x45, 0x24, 0x67, 0x26, 0x89, 0x28, 0xab, 0x2a, 0xce, 0x2c,
	  0xf0, 0x2e, 0x12, 0x31, 0x34, 0x33, 0x56, 0x35, 0x78, 0x37, 0x9a, 0x39,
	  0xbc, 0x3b, 0xde, 0x3d, 0x01, 0x40, 0x23, 0x42, 0x45, 0x44, 0x67, 0x46,
	  0x89, 0x48, 0xab, 0x4a, 0xcd, 0x4c, 0xef, 0x4e, 0x12, 0x51, 0x34, 0x53,
	  0x56, 0x55, 0x78, 0x57, 0x9a, 0x59, 0xbc, 0x5b, 0xde, 0x5d, 0x00, 0x60,
	  0x22, 0x62, 0x45, 0x64, 0x67, 0x66, 0x89, 0x68, 0xab, 0x6a, 0xcd, 0x6c,
	  0xef, 0x6e, 0x11, 0x71, 0x33, 0x73, 0x56, 0x75, 0x78, 0x77, 0x9a, 0x79,
	  0xbc, 0x7b, 0xde, 0x7d, 0xff, 0x7f, 0xff, 0x7f, 0xff, 0x7f, 0xff, 0x7f,
	  0xff, 0x7f, 0xff, 0x7f, 0xff, 0x7f, 0xff, 0x7f, 0xff, 0x7f, 0xff, 0x7f,
	  0xff, 0x7f, 0xff, 0x7f, 0xff, 0x7f, 0xff, 0x7f, 0xff, 0x7f, 0xff, 0x7f,
	  0xff, 0x7f, 0xff, 0x7f, 0xff, 0x7f, 0xff, 0x7f, 0xff, 0x7f, 0xff, 0x7f,
	  0xff, 0x7f, 0xff, 0x7f, 0xff, 0x7f, 0xff, 0x7f, 0xff, 0x7f, 0xff, 0x7f,
	  0xff, 0x7f, 0xff, 0x7f, 0xff, 0x7f, 0xff, 0x7f, 0xff, 0x7f, 0xff, 0x7f,
	  0xff, 0x7f, 0xff, 0x7f, 0xff, 0x7f, 0xff, 0x7f, 0xff, 0x7f, 0xff, 0x7f,
	  0xff, 0x7f, 0xff, 0x7f, 0xff, 0x7f, 0xff, 0x7f, 0xff, 0x7f, 0xff, 0x7f,
	  0xff, 0x7f, 0xff, 0x7f, 0xff, 0x7f, 0xff, 0x7f, 0xff, 0x7f, 0xff, 0x7f,
	  0xff, 0x7f, 0xff, 0x7f, 0xff, 0x7f, 0xff, 0x7f, 0xff, 0x7f, 0xff, 0x7f,
	  0xff, 0x7f, 0xff, 0x7f, 0xff, 0x7f, 0xff, 0x7f, 0xff, 0x7f, 0xff, 0x7f,
	  0xff, 0x7f, 0xff, 0x7f, 0xff, 0x7f, 0xff, 0x7f, 0xff, 0x7f, 0xff, 0x7f,
	  0xff, 0x7f, 0xff, 0x7f, 0xff, 0x7f, 0xff, 0x7f, 0xff, 0x7f, 0xff, 0x7f,
	  0xff, 0x7f, 0xff, 0x7f, 0xff, 0x7f, 0xff, 0x7f, 0xff, 0x7f, 0xff, 0x7f,
	  0xff, 0x7f, 0xff, 0x7f, 0xff, 0x7f, 0xff, 0x7f, 0xff, 0x7f, 0xff, 0x7f,
	  0xff, 0x7f, 0xff, 0x7f, 0xff, 0x7f, 0xff, 0x7f, 0xff, 0x7f, 0xff, 0x7f,
	  0xff, 0x7f, 0xff, 0x7f, 0xff, 0x7f, 0xff, 0x7f, 0xff, 0x7f, 0xff, 0x7f,
	  0xff, 0x7f, 0xff, 0x7f, 0xff, 0x7f, 0xff, 0x7f, 0xff, 0x7f, 0xff, 0x7f,
	  0xff, 0x7f, 0xff, 0x7f, 0xff, 0x7f, 0xff, 0x7f, 0xff, 0x7f, 0xff, 0x7f,
	  0xff, 0x7f, 0xff, 0x7f, 0xff, 0x7f, 0xff, 0x7f, 0xff, 0x7f, 0xff, 0x7f,
	  0xff, 0x7f, 0xff, 0x7f, 0xff, 0x7f, 0xff, 0x7f, 0xff, 0x7f, 0xff, 0x7f,
	  0xff, 0x7f, 0xff, 0x7f, 0xff, 0x7f, 0xff, 0x7f, 0xff, 0x7f, 0xff, 0x7f,
	  0xff, 0x7f, 0xff, 0x7f, 0xff, 0x7f, 0xff, 0x7f, 0xff, 0x7f, 0xff, 0x7f,
	  0xff, 0x7f, 0xff, 0x7f, 0xff, 0x7f, 0xff, 0x7f, 0xff, 0x7f, 0xff, 0x7f,
	  0xff, 0x7f, 0xff, 0x7f, 0xff, 0x7f, 0xff, 0x7f, 0xff, 0x7f, 0xff, 0x7f,
	  0xff, 0x7f, 0xff, 0x7f, 0xff, 0x7f, 0xff, 0x7f, 0xff, 0x7f, 0xff, 0x7f,
	  0xff, 0x7f, 0xff, 0x7f, 0xff, 0x7f, 0xff, 0x7f, 0xff, 0x7f, 0xff, 0x7f,
	  0xff, 0x7f, 0xff, 0x7f, 0xff, 0x7f, 0xff, 0x7f, 0xff, 0x7f, 0xff, 0x7f,
	  0xff, 0x7f, 0xff, 0x7f, 0xff, 0x7f, 0xff, 0x7f, 0xff, 0x7f, 0xff, 0x7f,
	  0xff, 0x7f, 0xff, 0x7f, 0xff, 0x7f, 0xff, 0x7f, 0xff, 0x7f, 0xff, 0x7f,
	  0xff, 0x7f, 0xff, 0x7f, 0xff, 0x7f, 0xff, 0x7f, 0xff, 0x7f, 0xff, 0x7f,
	  0xff, 0x7f, 0xff, 0x7f, 0xff, 0x7f, 0xff, 0x7f, 0xff, 0x7f, 0xff, 0x7f,
	  0xff, 0x7f, 0xff, 0x7f, 0xff, 0x7f, 0xff, 0x7f, 0xff, 0x7f, 0xff, 0x7f,
	  0xff, 0x7f, 0xff, 0x7f, 0xff, 0x7f, 0xff, 0x7f, 0xff, 0x7f, 0xff, 0x7f,
	  0xff, 0x7f, 0xff, 0x7f, 0xff, 0x7f, 0xff, 0x7f, 0xff, 0x7f, 0xff, 0x7f,
	  0xff, 0x7f, 0xff, 0x7f, 0xff, 0x7f, 0xff, 0x7f, 0xff, 0x7f, 0xff, 0x7f,
	  0xff, 0x7f, 0xff, 0x7f, 0xff, 0x7f, 0xff, 0x7f, 0xff, 0x7f, 0xff, 0x7f,
	  0xff, 0x7f, 0xff, 0x7f, 0xff, 0x7f, 0xff, 0x7f, 0xff, 0x7f, 0xff, 0x7f,
	  0xff, 0x7f, 0xff, 0x7f, 0xff, 0x7f, 0xff, 0x7f, 0xff, 0x7f, 0xff, 0x7f,
	  0xff, 0x7f, 0xff, 0x7f, 0xff, 0x7f, 0xff, 0x7f, 0xff, 0x7f, 0xff, 0x7f,
	  0xff, 0x7f, 0xff, 0x7f, 0xff, 0x7f, 0xff, 0x7f, 0xff, 0x7f, 0xff, 0x7f,
	  0xff, 0x7f, 0xff, 0x7f, 0xff, 0x7f, 0xff, 0x7f, 0xff, 0x7f, 0xff, 0x7f,
	  0xff, 0x7f, 0xff, 0x7f, 0xff, 0x7f, 0xff, 0x7f, 0xff, 0x7f, 0xff, 0x7f,
	  0xff, 0x7f, 0xff, 0x7f, 0xff, 0x7f, 0xff, 0x7f, 0xff, 0x7f, 0xff, 0x7f,
	  0xff, 0x7f, 0xff, 0x7f, 0xff, 0x7f, 0xff, 0x7f, 0xff, 0x7f, 0xff, 0x7f,
	  0xff, 0x7f, 0xff, 0x7f, 0xff, 0x7f, 0xff, 0x7f, 0xff, 0x7f, 0xff, 0x7f,
	  0xff, 0x7f, 0xff, 0x7f, 0xff, 0x7f, 0xff, 0x7f, 0xff, 0x7f, 0xff, 0x7f,
	  0xff, 0x7f, 0xff, 0x7f, 0xff, 0x7f, 0xff, 0x7f, 0xff, 0x7f, 0xff, 0x7f,
	  0xff, 0x7f, 0xff, 0x7f, 0xff, 0x7f, 0xff, 0x7f, 0xff, 0x7f, 0xff, 0x7f,
	  0xff, 0x7f, 0xff, 0x7f, 0xff, 0x7f, 0xff, 0x7f, 0xff, 0x7f, 0xff, 0x7f,
	  0xff, 0x7f, 0xff, 0x7f, 0xff, 0x7f, 0xff, 0x7f, 0xff, 0x7f, 0xff, 0x7f,
	  0xff, 0x7f, 0xff, 0x7f, 0xff, 0x7f, 0xff, 0x7f, 0xff, 0x7f, 0xff, 0x7f,
	  0xff, 0x7f, 0xff, 0x7f, 0xff, 0x7f, 0xff, 0x7f, 0xff, 0x7f, 0xff, 0x7f,
	  0xff, 0x7f, 0xff, 0x7f, 0xff, 0x7f, 0xff, 0x7f, 0xff, 0x7f, 0xff, 0x7f,
	  0xff, 0x7f, 0xff, 0x7f, 0xff, 0x7f, 0xff, 0x7f, 0xff, 0x7f, 0xff, 0x7f,
	  0xff, 0x7f, 0xff, 0x7f, 0xff, 0x7f, 0xff, 0x7f, 0xff, 0x7f, 0xff, 0x7f,
	  0xff, 0x7f, 0xff, 0x7f, 0xff, 0x7f, 0xff, 0x7f, 0xff, 0x7f, 0xff, 0x7f,
	  0xff, 0x7f, 0xff, 0x7f, 0xff, 0x7f, 0xff, 0x7f, 0xff, 0x7f, 0xff, 0x7f,
	  0xff, 0x7f, 0xff, 0x7f, 0xff, 0x7f, 0xff, 0x7f, 0xff, 0x7f, 0xff, 0x7f,
	  0xff, 0x7f, 0xff, 0x7f, 0xff, 0x7f, 0xff, 0x7f, 0xff, 0x7f, 0xff, 0x7f,
	  0xff, 0x7f, 0xff, 0x7f, 0xff, 0x7f, 0xff, 0x7f, 0xff, 0x7f, 0xff, 0x7f,
	  0xff, 0x7f, 0xff, 0x7f, 0xff, 0x7f, 0xff, 0x7f, 0xff, 0x7f, 0xff, 0x7f,
	  0xff, 0x7f, 0xff, 0x7f, 0xff, 0x7f, 0xff, 0x7f, 0xff, 0x7f, 0xff, 0x7f,
	  0xff, 0x7f, 0xff, 0x7f, 0xff, 0x7f, 0xff, 0x7f, 0xff, 0x7f, 0xff, 0x7f,
	  0xff, 0x7f, 0xff, 0x7f, 0xff, 0x7f, 0xff, 0x7f, 0xff, 0x7f, 0xff, 0x7f,
	  0x79, 0xf7, 0x79, 0xf7, 0x79, 0xf7, 0x79, 0xf7, 0x79, 0xf7, 0x79, 0xf7,
	  0x79, 0xf7, 0x79, 0xf7, 0x79, 0xf7, 0x79, 0xf7, 0x79, 0xf7, 0x79, 0xf7,
	  0x79, 0xf7, 0x79, 0xf7, 0x79, 0xf7, 0x79, 0xf7, 0x79, 0xf7, 0x79, 0xf7,
	  0x79, 0xf7, 0x79, 0xf7, 0x79, 0xf7, 0x79, 0xf7, 0x79, 0xf7, 0x79, 0xf7,
	  0x79, 0xf7, 0x79, 0xf7, 0x79, 0xf7, 0x79, 0xf7, 0x79, 0xf7, 0x79, 0xf7,
	  0x79, 0xf7, 0x79, 0xf7, 0x79, 0xf7, 0x79, 0xf7, 0x79, 0xf7, 0x79, 0xf7,
	  0x79, 0xf7, 0x79, 0xf7, 0x79, 0xf7, 0x79, 0xf7, 0x79, 0xf7, 0x79, 0xf7,
	  0x79, 0xf7, 0x79, 0xf7, 0x79, 0xf7, 0x79, 0xf7, 0x79, 0xf7, 0x79, 0xf7,
	  0x79, 0xf7, 0x79, 0xf7, 0x79, 0xf7, 0x79, 0xf7, 0x79, 0xf7, 0x79, 0xf7,
	  0x79, 0xf7, 0x79, 0xf7, 0x79, 0xf7, 0x79, 0xf7, 0x79, 0xf7, 0x79, 0xf7,
	  0x79, 0xf7, 0x9b, 0xf9, 0xbd, 0xfb, 0xdf, 0xfd, 0x01, 0x00, 0x23, 0x02,
	  0x45, 0x04, 0x67, 0x06, 0x8a, 0x08, 0xac, 0x0a, 0xce, 0x0c, 0xf0, 0x0e,
	  0x12, 0x11, 0x34, 0x13, 0x56, 0x15, 0x78, 0x17, 0x9a, 0x19, 0xbd, 0x1b,
	  0xdf, 0x1d, 0x01, 0x20, 0x23, 0x22, 0x45, 0x24, 0x67, 0x26, 0x89, 0x28,
	  0xab, 0x2a, 0xce, 0x2c, 0xf0, 0x2e, 0x12, 0x31, 0x34, 0x33, 0x56, 0x35,
	  0x78, 0x37, 0x9a, 0x39, 0xbc, 0x3b, 0xde, 0x3d, 0x01, 0x40, 0x23, 0x42,
	  0x45, 0x44, 0x67, 0x46, 0x89, 0x48, 0xab, 0x4a, 0xcd, 0x4c, 0xef, 0x4e,
	  0x12, 0x51, 0x34, 0x53, 0x56, 0x55, 0x78, 0x57, 0x9a, 0x59, 0xbc, 0x5b,
	  0xde, 0x5d, 0x00, 0x60, 0x22, 0x62, 0x45, 0x64, 0x67, 0x66, 0x89, 0x68,
	  0xab, 0x6a, 0xcd, 0x6c, 0xef, 0x6e, 0x11, 0x71, 0x33, 0x73, 0x56, 0x75,
	  0x78, 0x77, 0x9a, 0x79, 0xbc, 0x7b, 0xde, 0x7d, 0xff, 0x7f, 0xff, 0x7f,
	  0xff, 0x7f, 0xff, 0x7f, 0xff, 0x7f, 0xff, 0x7f, 0xff, 0x7f, 0xff, 0x7f,
	  0xff, 0x7f, 0xff, 0x7f, 0xff, 0x7f, 0xff, 0x7f, 0xff, 0x7f, 0xff, 0x7f,
	  0xff, 0x7f, 0xff, 0x7f, 0xff, 0x7f, 0xff, 0x7f, 0xff, 0x7f, 0xff, 0x7f,
	  0xff, 0x7f, 0xff, 0x7f, 0xff, 0x7f, 0xff, 0x7f, 0xff, 0x7f, 0xff, 0x7f,
	  0xff, 0x7f, 0xff, 0x7f, 0xff, 0x7f, 0xff, 0x7f, 0xff, 0x7f, 0xff, 0x7f,
	  0xff, 0x7f, 0xff, 0x7f, 0xff, 0x7f, 0xff, 0x7f, 0xff, 0x7f, 0xff, 0x7f,
	  0xff, 0x7f, 0xff, 0x7f, 0xff, 0x7f, 0xff, 0x7f, 0xff, 0x7f, 0xff, 0x7f,
	  0xff, 0x7f, 0xff, 0x7f, 0xff, 0x7f, 0xff, 0x7f, 0xff, 0x7f, 0xff, 0x7f,
	  0xff, 0x7f, 0xff, 0x7f, 0xff, 0x7f, 0xff, 0x7f, 0xff, 0x7f, 0xff, 0x7f,
	  0xff, 0x7f, 0xff, 0x7f, 0xff, 0x7f, 0xff, 0x7f, 0xff, 0x7f, 0xff, 0x7f,
	  0xff, 0x7f, 0xff, 0x7f, 0xff, 0x7f, 0xff, 0x7f, 0xff, 0x7f, 0xff, 0x7f,
	  0xff, 0x7f, 0xff, 0x7f, 0xff, 0x7f, 0xff, 0x7f, 0xff, 0x7f, 0xff, 0x7f,
	  0xff, 0x7f, 0xff, 0x7f, 0xff, 0x7f, 0xff, 0x7f, 0xff, 0x7f, 0xff, 0x7f,
	  0xff, 0x7f, 0xff, 0x7f, 0xff, 0x7f, 0xff, 0x7f, 0xff, 0x7f, 0xff, 0x7f,
	  0xff, 0x7f, 0xff, 0x7f, 0xff, 0x7f, 0xff, 0x7f, 0xff, 0x7f, 0xff, 0x7f,
	  0xff, 0x7f, 0xff, 0x7f, 0xff, 0x7f, 0xff, 0x7f, 0xff, 0x7f, 0xff, 0x7f,
	  0xff, 0x7f, 0xff, 0x7f, 0xff, 0x7f, 0xff, 0x7f, 0xff, 0x7f, 0xff, 0x7f,
	  0xff, 0x7f, 0xff, 0x7f, 0xff, 0x7f, 0xff, 0x7f, 0xff, 0x7f, 0xff, 0x7f,
	  0xff, 0x7f, 0xff, 0x7f, 0xff, 0x7f, 0xff, 0x7f, 0xff, 0x7f, 0xff, 0x7f,
	  0xff, 0x7f, 0xff, 0x7f, 0xff, 0x7f, 0xff, 0x7f, 0xff, 0x7f, 0xff, 0x7f,
	  0xff, 0x7f, 0xff, 0x7f, 0xff, 0x7f, 0xff, 0x7f, 0xff, 0x7f, 0xff, 0x7f,
	  0xff, 0x7f, 0xff, 0x7f, 0xff, 0x7f, 0xff, 0x7f, 0xff, 0x7f, 0xff, 0x7f,
	  0xff, 0x7f, 0xff, 0x7f, 0xff, 0x7f, 0xff, 0x7f, 0xff, 0x7f, 0xff, 0x7f,
	  0xff, 0x7f, 0xff, 0x7f, 0xff, 0x7f, 0xff, 0x7f, 0xff, 0x7f, 0xff, 0x7f,
	  0xff, 0x7f, 0xff, 0x7f, 0xff, 0x7f, 0xff, 0x7f, 0xff, 0x7f, 0xff, 0x7f,
	  0xff, 0x7f, 0xff, 0x7f, 0xff, 0x7f, 0xff, 0x7f, 0xff, 0x7f, 0xff, 0x7f,
	  0xff, 0x7f, 0xff, 0x7f, 0xff, 0x7f, 0xff, 0x7f, 0xff, 0x7f, 0xff, 0x7f,
	  0xff, 0x7f, 0xff, 0x7f, 0xff, 0x7f, 0xff, 0x7f, 0xff, 0x7f, 0xff, 0x7f,
	  0xff, 0x7f, 0xff, 0x7f, 0xff, 0x7f, 0xff, 0x7f, 0xff, 0x7f, 0xff, 0x7f,
	  0xff, 0x7f, 0xff, 0x7f, 0xff, 0x7f, 0xff, 0x7f, 0xff, 0x7f, 0xff, 0x7f,
	  0xff, 0x7f, 0xff, 0x7f, 0xff, 0x7f, 0xff, 0x7f, 0xff, 0x7f, 0xff, 0x7f,
	  0xff, 0x7f, 0xff, 0x7f, 0xff, 0x7f, 0xff, 0x7f, 0xff, 0x7f, 0xff, 0x7f,
	  0xff, 0x7f, 0xff, 0x7f, 0xff, 0x7f, 0xff, 0x7f, 0xff, 0x7f, 0xff, 0x7f,
	  0xff, 0x7f, 0xff, 0x7f, 0xff, 0x7f, 0xff, 0x7f, 0xff, 0x7f, 0xff, 0x7f,
	  0xff, 0x7f, 0xff, 0x7f, 0xff, 0x7f, 0xff, 0x7f, 0xff, 0x7f, 0xff, 0x7f,
	  0xff, 0x7f, 0xff, 0x7f, 0xff, 0x7f, 0xff, 0x7f, 0xff, 0x7f, 0xff, 0x7f,
	  0xff, 0x7f, 0xff, 0x7f, 0xff, 0x7f, 0xff, 0x7f, 0xff, 0x7f, 0xff, 0x7f,
	  0xff, 0x7f, 0xff, 0x7f, 0xff, 0x7f, 0xff, 0x7f, 0xff, 0x7f, 0xff, 0x7f,
	  0xff, 0x7f, 0xff, 0x7f, 0xff, 0x7f, 0xff, 0x7f, 0xff, 0x7f, 0xff, 0x7f,
	  0xff, 0x7f, 0xff, 0x7f, 0xff, 0x7f, 0xff, 0x7f, 0xff, 0x7f, 0xff, 0x7f,
	  0xff, 0x7f, 0xff, 0x7f, 0xff, 0x7f, 0xff, 0x7f, 0xff, 0x7f, 0xff, 0x7f,
	  0xff, 0x7f, 0xff, 0x7f, 0xff, 0x7f, 0xff, 0x7f, 0xff, 0x7f, 0xff, 0x7f,
	  0xff, 0x7f, 0xff, 0x7f, 0xff, 0x7f, 0xff, 0x7f, 0xff, 0x7f, 0xff, 0x7f,
	  0xff, 0x7f, 0xff, 0x7f, 0xff, 0x7f, 0xff, 0x7f, 0xff, 0x7f, 0xff, 0x7f,
	  0xff, 0x7f, 0xff, 0x7f, 0xff, 0x7f, 0xff, 0x7f, 0xff, 0x7f, 0xff, 0x7f,
	  0xff, 0x7f, 0xff, 0x7f, 0xff, 0x7f, 0xff, 0x7f, 0xff, 0x7f, 0xff, 0x7f,
	  0xff, 0x7f, 0xff, 0x7f, 0xff, 0x7f, 0xff, 0x7f, 0xff, 0x7f, 0xff, 0x7f,
	  0xff, 0x7f, 0xff, 0x7f, 0xff, 0x7f, 0xff, 0x7f, 0xff, 0x7f, 0xff, 0x7f,
	  0xff, 0x7f, 0xff, 0x7f, 0xff, 0x7f, 0xff, 0x7f, 0xff, 0x7f, 0xff, 0x7f,
	  0xff, 0x7f, 0xff, 0x7f, 0xff, 0x7f, 0xff, 0x7f, 0xff, 0x7f, 0xff, 0x7f,
	  0xff, 0x7f, 0xff, 0x7f, 0xff, 0x7f, 0xff, 0x7f, 0xff, 0x7f, 0xff, 0x7f,
	  0xff, 0x7f, 0xff, 0x7f, 0xff, 0x7f, 0xff, 0x7f, 0xff, 0x7f, 0xff, 0x7f,
	  0xff, 0x7f, 0xff, 0x7f, 0xff, 0x7f, 0xff, 0x7f, 0xff, 0x7f, 0xff, 0x7f,
	  0xff, 0x7f, 0xff, 0x7f, 0xff, 0x7f, 0xff, 0x7f, 0xff, 0x7f, 0xff, 0x7f,
	  0xff, 0x7f, 0xff, 0x7f, 0xff, 0x7f, 0xff, 0x7f, 0xff, 0x7f, 0xff, 0x7f,
	  0xff, 0x7f, 0xff, 0x7f, 0xff, 0x7f, 0xff, 0x7f, 0xff, 0x7f, 0xff, 0x7f,
	  0xff, 0x7f, 0xff, 0x7f, 0xff, 0x7f, 0xff, 0x7f, 0xff, 0x7f, 0xff, 0x7f,
	  0xff, 0x7f, 0xff, 0x7f, 0xff, 0x7f, 0xff, 0x7f, 0xff, 0x7f, 0xff, 0x7f,
	  0xff, 0x7f, 0xff, 0x7f, 0xff, 0x7f, 0xff, 0x7f, 0xff, 0x7f, 0xff, 0x7f,
	  0xff, 0x7f, 0xff, 0x7f, 0xff, 0x7f, 0xff, 0x7f, 0xff, 0x7f, 0xff, 0x7f,
	  0xff, 0x7f, 0xff, 0x7f, 0xff, 0x7f, 0xff, 0x7f, 0xff, 0x7f, 0xff, 0x7f,
	  0xff, 0x7f, 0xff, 0x7f, 0xff, 0x7f, 0xff, 0x7f, 0xff, 0x7f, 0xff, 0x7f,
	  0xff, 0x7f, 0xff, 0x7f, 0xff, 0x7f, 0xff, 0x7f, 0xff, 0x7f, 0xff, 0x7f,
	  0xff, 0x7f, 0xff, 0x7f, 0xff, 0x7f, 0xff, 0x7f, 0xff, 0x7f, 0xff, 0x7f,
	  0xff, 0x7f, 0xff, 0x7f, 0x79, 0xf7, 0x79, 0xf7, 0x79, 0xf7, 0x79, 0xf7,
	  0x79, 0xf7, 0x79, 0xf7, 0x79, 0xf7, 0x79, 0xf7, 0x79, 0xf7, 0x79, 0xf7,
	  0x79, 0xf7, 0x79, 0xf7, 0x79, 0xf7, 0x79, 0xf7, 0x79, 0xf7, 0x79, 0xf7,
	  0x79, 0xf7, 0x79, 0xf7, 0x79, 0xf7, 0x79, 0xf7, 0x79, 0xf7, 0x79, 0xf7,
	  0x79, 0xf7, 0x79, 0xf7, 0x79, 0xf7, 0x79, 0xf7, 0x79, 0xf7, 0x79, 0xf7,
	  0x79, 0xf7, 0x79, 0xf7, 0x79, 0xf7, 0x79, 0xf7, 0x79, 0xf7, 0x79, 0xf7,
	  0x79, 0xf7, 0x79, 0xf7, 0x79, 0xf7, 0x79, 0xf7, 0x79, 0xf7, 0x79, 0xf7,
	  0x79, 0xf7, 0x79, 0xf7, 0x79, 0xf7, 0x79, 0xf7, 0x79, 0xf7, 0x79, 0xf7,
	  0x79, 0xf7, 0x79, 0xf7, 0x79, 0xf7, 0x79, 0xf7, 0x79, 0xf7, 0x79, 0xf7,
	  0x79, 0xf7, 0x79, 0xf7, 0x79, 0xf7, 0x79, 0xf7, 0x79, 0xf7, 0x79, 0xf7,
	  0x79, 0xf7, 0x79, 0xf7, 0x79, 0xf7, 0x9b, 0xf9, 0xbd, 0xfb, 0xdf, 0xfd,
	  0x01, 0x00, 0x23, 0x02, 0x45, 0x04, 0x67, 0x06, 0x8a, 0x08, 0xac, 0x0a,
	  0xce, 0x0c, 0xf0, 0x0e, 0x12, 0x11, 0x34, 0x13, 0x56, 0x15, 0x78, 0x17,
	  0x9a, 0x19, 0xbd, 0x1b, 0xdf, 0x1d, 0x01, 0x20, 0x23, 0x22, 0x45, 0x24,
	  0x67, 0x26, 0x89, 0x28, 0xab, 0x2a, 0xce, 0x2c, 0xf0, 0x2e, 0x12, 0x31,
	  0x34, 0x33, 0x56, 0x35, 0x78, 0x37, 0x9a, 0x39, 0xbc, 0x3b, 0xde, 0x3d,
	  0x01, 0x40, 0x23, 0x42, 0x45, 0x44, 0x67, 0x46, 0x89, 0x48, 0xab, 0x4a,
	  0xcd, 0x4c, 0xef, 0x4e, 0x12, 0x51, 0x34, 0x53, 0x56, 0x55, 0x78, 0x57,
	  0x9a, 0x59, 0xbc, 0x5b, 0xde, 0x5d, 0x00, 0x60, 0x22, 0x62, 0x45, 0x64,
	  0x67, 0x66, 0x89, 0x68, 0xab, 0x6a, 0xcd, 0x6c, 0xef, 0x6e, 0x11, 0x71,
	  0x33, 0x73, 0x56, 0x75, 0x78, 0x77, 0x9a, 0x79, 0xbc, 0x7b, 0xde, 0x7d,
	  0xff, 0x7f, 0xff, 0x7f, 0xff, 0x7f, 0xff, 0x7f, 0xff, 0x7f, 0xff, 0x7f,
	  0xff, 0x7f, 0xff, 0x7f, 0xff, 0x7f, 0xff, 0x7f, 0xff, 0x7f, 0xff, 0x7f,
	  0xff, 0x7f, 0xff, 0x7f, 0xff, 0x7f, 0xff, 0x7f, 0xff, 0x7f, 0xff, 0x7f,
	  0xff, 0x7f, 0xff, 0x7f, 0xff, 0x7f, 0xff, 0x7f, 0xff, 0x7f, 0xff, 0x7f,
	  0xff, 0x7f, 0xff, 0x7f, 0xff, 0x7f, 0xff, 0x7f, 0xff, 0x7f, 0xff, 0x7f,
	  0xff, 0x7f, 0xff, 0x7f, 0xff, 0x7f, 0xff, 0x7f, 0xff, 0x7f, 0xff, 0x7f,
	  0xff, 0x7f, 0xff, 0x7f, 0xff, 0x7f, 0xff, 0x7f, 0xff, 0x7f, 0xff, 0x7f,
	  0xff, 0x7f, 0xff, 0x7f, 0xff, 0x7f, 0xff, 0x7f, 0xff, 0x7f, 0xff, 0x7f,
	  0xff, 0x7f, 0xff, 0x7f, 0xff, 0x7f, 0xff, 0x7f, 0xff, 0x7f, 0xff, 0x7f,
	  0xff, 0x7f, 0xff, 0x7f, 0xff, 0x7f, 0xff, 0x7f, 0xff, 0x7f, 0xff, 0x7f,
	  0xff, 0x7f, 0xff, 0x7f, 0xff, 0x7f, 0xff, 0x7f, 0xff, 0x7f, 0xff, 0x7f,
	  0xff, 0x7f, 0xff, 0x7f, 0xff, 0x7f, 0xff, 0x7f, 0xff, 0x7f, 0xff, 0x7f,
	  0xff, 0x7f, 0xff, 0x7f, 0xff, 0x7f, 0xff, 0x7f, 0xff, 0x7f, 0xff, 0x7f,
	  0xff, 0x7f, 0xff, 0x7f, 0xff, 0x7f, 0xff, 0x7f, 0xff, 0x7f, 0xff, 0x7f,
	  0xff, 0x7f, 0xff, 0x7f, 0xff, 0x7f, 0xff, 0x7f, 0xff, 0x7f, 0xff, 0x7f,
	  0xff, 0x7f, 0xff, 0x7f, 0xff, 0x7f, 0xff, 0x7f, 0xff, 0x7f, 0xff, 0x7f,
	  0xff, 0x7f, 0xff, 0x7f, 0xff, 0x7f, 0xff, 0x7f, 0xff, 0x7f, 0xff, 0x7f,
	  0xff, 0x7f, 0xff, 0x7f, 0xff, 0x7f, 0xff, 0x7f, 0xff, 0x7f, 0xff, 0x7f,
	  0xff, 0x7f, 0xff, 0x7f, 0xff, 0x7f, 0xff, 0x7f, 0xff, 0x7f, 0xff, 0x7f,
	  0xff, 0x7f, 0xff, 0x7f, 0xff, 0x7f, 0xff, 0x7f, 0xff, 0x7f, 0xff, 0x7f,
	  0xff, 0x7f, 0xff, 0x7f, 0xff, 0x7f, 0xff, 0x7f, 0xff, 0x7f, 0xff, 0x7f,
	  0xff, 0x7f, 0xff, 0x7f, 0xff, 0x7f, 0xff, 0x7f, 0xff, 0x7f, 0xff, 0x7f,
	  0xff, 0x7f, 0xff, 0x7f, 0xff, 0x7f, 0xff, 0x7f, 0xff, 0x7f, 0xff, 0x7f,
	  0xff, 0x7f, 0xff, 0x7f, 0xff, 0x7f, 0xff, 0x7f, 0xff, 0x7f, 0xff, 0x7f,
	  0xff, 0x7f, 0xff, 0x7f, 0xff, 0x7f, 0xff, 0x7f, 0xff, 0x7f, 0xff, 0x7f,
	  0xff, 0x7f, 0xff, 0x7f, 0xff, 0x7f, 0xff, 0x7f, 0xff, 0x7f, 0xff, 0x7f,
	  0xff, 0x7f, 0xff, 0x7f, 0xff, 0x7f, 0xff, 0x7f, 0xff, 0x7f, 0xff, 0x7f,
	  0xff, 0x7f, 0xff, 0x7f, 0xff, 0x7f, 0xff, 0x7f, 0xff, 0x7f, 0xff, 0x7f,
	  0xff, 0x7f, 0xff, 0x7f, 0xff, 0x7f, 0xff, 0x7f, 0xff, 0x7f, 0xff, 0x7f,
	  0xff, 0x7f, 0xff, 0x7f, 0xff, 0x7f, 0xff, 0x7f, 0xff, 0x7f, 0xff, 0x7f,
	  0xff, 0x7f, 0xff, 0x7f, 0xff, 0x7f, 0xff, 0x7f, 0xff, 0x7f, 0xff, 0x7f,
	  0xff, 0x7f, 0xff, 0x7f, 0xff, 0x7f, 0xff, 0x7f, 0xff, 0x7f, 0xff, 0x7f,
	  0xff, 0x7f, 0xff, 0x7f, 0xff, 0x7f, 0xff, 0x7f, 0xff, 0x7f, 0xff, 0x7f,
	  0xff, 0x7f, 0xff, 0x7f, 0xff, 0x7f, 0xff, 0x7f, 0xff, 0x7f, 0xff, 0x7f,
	  0xff, 0x7f, 0xff, 0x7f, 0xff, 0x7f, 0xff, 0x7f, 0xff, 0x7f, 0xff, 0x7f,
	  0xff, 0x7f, 0xff, 0x7f, 0xff, 0x7f, 0xff, 0x7f, 0xff, 0x7f, 0xff, 0x7f,
	  0xff, 0x7f, 0xff, 0x7f, 0xff, 0x7f, 0xff, 0x7f, 0xff, 0x7f, 0xff, 0x7f,
	  0xff, 0x7f, 0xff, 0x7f, 0xff, 0x7f, 0xff, 0x7f, 0xff, 0x7f, 0xff, 0x7f,
	  0xff, 0x7f, 0xff, 0x7f, 0xff, 0x7f, 0xff, 0x7f, 0xff, 0x7f, 0xff, 0x7f,
	  0xff, 0x7f, 0xff, 0x7f, 0xff, 0x7f, 0xff, 0x7f, 0xff, 0x7f, 0xff, 0x7f,
	  0xff, 0x7f, 0xff, 0x7f, 0xff, 0x7f, 0xff, 0x7f, 0xff, 0x7f, 0xff, 0x7f,
	  0xff, 0x7f, 0xff, 0x7f, 0xff, 0x7f, 0xff, 0x7f, 0xff, 0x7f, 0xff, 0x7f,
	  0xff, 0x7f, 0xff, 0x7f, 0xff, 0x7f, 0xff, 0x7f, 0xff, 0x7f, 0xff, 0x7f,
	  0xff, 0x7f, 0xff, 0x7f, 0xff, 0x7f, 0xff, 0x7f, 0xff, 0x7f, 0xff, 0x7f,
	  0xff, 0x7f, 0xff, 0x7f, 0xff, 0x7f, 0xff, 0x7f, 0xff, 0x7f, 0xff, 0x7f,
	  0xff, 0x7f, 0xff, 0x7f, 0xff, 0x7f, 0xff, 0x7f, 0xff, 0x7f, 0xff, 0x7f,
	  0xff, 0x7f, 0xff, 0x7f, 0xff, 0x7f, 0xff, 0x7f, 0xff, 0x7f, 0xff, 0x7f,
	  0xff, 0x7f, 0xff, 0x7f, 0xff, 0x7f, 0xff, 0x7f, 0xff, 0x7f, 0xff, 0x7f,
	  0xff, 0x7f, 0xff, 0x7f, 0xff, 0x7f, 0xff, 0x7f, 0xff, 0x7f, 0xff, 0x7f,
	  0xff, 0x7f, 0xff, 0x7f, 0xff, 0x7f, 0xff, 0x7f, 0xff, 0x7f, 0xff, 0x7f,
	  0xff, 0x7f, 0xff, 0x7f, 0xff, 0x7f, 0xff, 0x7f, 0xff, 0x7f, 0xff, 0x7f,
	  0xff, 0x7f, 0xff, 0x7f, 0xff, 0x7f, 0xff, 0x7f, 0xff, 0x7f, 0xff, 0x7f,
	  0xff, 0x7f, 0xff, 0x7f, 0xff, 0x7f, 0xff, 0x7f, 0xff, 0x7f, 0xff, 0x7f,
	  0xff, 0x7f, 0xff, 0x7f, 0xff, 0x7f, 0xff, 0x7f, 0xff, 0x7f, 0xff, 0x7f,
	  0xff, 0x7f, 0xff, 0x7f, 0xff, 0x7f, 0xff, 0x7f, 0xff, 0x7f, 0xff, 0x7f,
	  0xff, 0x7f, 0xff, 0x7f, 0xff, 0x7f, 0xff, 0x7f, 0xff, 0x7f, 0xff, 0x7f,
	  0xff, 0x7f, 0xff, 0x7f, 0xff, 0x7f, 0xff, 0x7f, 0xff, 0x7f, 0xff, 0x7f,
	  0xff, 0x7f, 0xff, 0x7f, 0xff, 0x7f, 0xff, 0x7f, 0xff, 0x7f, 0xff, 0x7f,
	  0xff, 0x7f, 0xff, 0x7f, 0xff, 0x7f, 0xff, 0x7f, 0xff, 0x7f, 0xff, 0x7f,
	  0xff, 0x7f, 0xff, 0x7f, 0xff, 0x7f, 0xff, 0x7f, 0xff, 0x7f, 0xff, 0x7f,
	  0xff, 0x7f, 0xff, 0x7f, 0xff, 0x7f, 0xff, 0x7f, 0xff, 0x7f, 0xff, 0x7f,
	  0xff, 0x7f, 0xff, 0x7f, 0xff, 0x7f, 0xff, 0x7f, 0xff, 0x7f, 0xff, 0x7f,
	  0xff, 0x7f, 0xff, 0x7f, 0xff, 0x7f, 0xff, 0x7f, 0xff, 0x7f, 0xff, 0x7f,
	  0xff, 0x7f, 0xff, 0x7f, 0xff, 0x7f, 0xff, 0x7f, 0xff, 0x7f, 0xff, 0x7f,
	  0xff, 0x7f, 0xff, 0x7f, 0xff, 0x7f, 0xff, 0x7f, 0x79, 0xf7, 0x79, 0xf7,
	  0x79, 0xf7, 0x79, 0xf7, 0x79, 0xf7, 0x79, 0xf7, 0x79, 0xf7, 0x79, 0xf7,
	  0x79, 0xf7, 0x79, 0xf7, 0x79, 0xf7, 0x79, 0xf7, 0x79, 0xf7, 0x79, 0xf7,
	  0x79, 0xf7, 0x79, 0xf7, 0x79, 0xf7, 0x79, 0xf7, 0x79, 0xf7, 0x79, 0xf7,
	  0x79, 0xf7, 0x79, 0xf7, 0x79, 0xf7, 0x79, 0xf7, 0x79, 0xf7, 0x79, 0xf7,
	  0x79, 0xf7, 0x79, 0xf7, 0x79, 0xf7, 0x79, 0xf7, 0x79, 0xf7, 0x79, 0xf7,
	  0x79, 0xf7, 0x79, 0xf7, 0x79, 0xf7, 0x79, 0xf7, 0x79, 0xf7, 0x79, 0xf7,
	  0x79, 0xf7, 0x79, 0xf7, 0x79, 0xf7, 0x79, 0xf7, 0x79, 0xf7, 0x79, 0xf7,
	  0x79, 0xf7, 0x79, 0xf7, 0x79, 0xf7, 0x79, 0xf7, 0x79, 0xf7, 0x79, 0xf7,
	  0x79, 0xf7, 0x79, 0xf7, 0x79, 0xf7, 0x79, 0xf7, 0x79, 0xf7, 0x79, 0xf7,
	  0x79, 0xf7, 0x79, 0xf7, 0x79, 0xf7, 0x79, 0xf7, 0x79, 0xf7, 0x9b, 0xf9,
	  0xbd, 0xfb, 0xdf, 0xfd, 0x01, 0x00, 0x23, 0x02, 0x45, 0x04, 0x67, 0x06,
	  0x8a, 0x08, 0xac, 0x0a, 0xce, 0x0c, 0xf0, 0x0e, 0x12, 0x11, 0x34, 0x13,
	  0x56, 0x15, 0x78, 0x17, 0x9a, 0x19, 0xbd, 0x1b, 0xdf, 0x1d, 0x01, 0x20,
	  0x23, 0x22, 0x45, 0x24, 0x67, 0x26, 0x89, 0x28, 0xab, 0x2a, 0xce, 0x2c,
	  0xf0, 0x2e, 0x12, 0x31, 0x34, 0x33, 0x56, 0x35, 0x78, 0x37, 0x9a, 0x39,
	  0xbc, 0x3b, 0xde, 0x3d, 0x01, 0x40, 0x23, 0x42, 0x45, 0x44, 0x67, 0x46,
	  0x89, 0x48, 0xab, 0x4a, 0xcd, 0x4c, 0xef, 0x4e, 0x12, 0x51, 0x34, 0x53,
	  0x56, 0x55, 0x78, 0x57, 0x9a, 0x59, 0xbc, 0x5b, 0xde, 0x5d, 0x00, 0x60,
	  0x22, 0x62, 0x45, 0x64, 0x67, 0x66, 0x89, 0x68, 0xab, 0x6a, 0xcd, 0x6c,
	  0xef, 0x6e, 0x11, 0x71, 0x33, 0x73, 0x56, 0x75, 0x78, 0x77, 0x9a, 0x79,
	  0xbc, 0x7b, 0xde, 0x7d, 0xff, 0x7f, 0xff, 0x7f, 0xff, 0x7f, 0xff, 0x7f,
	  0xff, 0x7f, 0xff, 0x7f, 0xff, 0x7f, 0xff, 0x7f, 0xff, 0x7f, 0xff, 0x7f,
	  0xff, 0x7f, 0xff, 0x7f, 0xff, 0x7f, 0xff, 0x7f, 0xff, 0x7f, 0xff, 0x7f,
	  0xff, 0x7f, 0xff, 0x7f, 0xff, 0x7f, 0xff, 0x7f, 0xff, 0x7f, 0xff, 0x7f,
	  0xff, 0x7f, 0xff, 0x7f, 0xff, 0x7f, 0xff, 0x7f, 0xff, 0x7f, 0xff, 0x7f,
	  0xff, 0x7f, 0xff, 0x7f, 0xff, 0x7f, 0xff, 0x7f, 0xff, 0x7f, 0xff, 0x7f,
	  0xff, 0x7f, 0xff, 0x7f, 0xff, 0x7f, 0xff, 0x7f, 0xff, 0x7f, 0xff, 0x7f,
	  0xff, 0x7f, 0xff, 0x7f, 0xff, 0x7f, 0xff, 0x7f, 0xff, 0x7f, 0xff, 0x7f,
	  0xff, 0x7f, 0xff, 0x7f, 0xff, 0x7f, 0xff, 0x7f, 0xff, 0x7f, 0xff, 0x7f,
	  0xff, 0x7f, 0xff, 0x7f, 0xff, 0x7f, 0xff, 0x7f, 0xff, 0x7f, 0xff, 0x7f,
	  0xff, 0x7f, 0xff, 0x7f, 0xff, 0x7f, 0xff, 0x7f, 0xff, 0x7f, 0xff, 0x7f,
	  0xff, 0x7f, 0xff, 0x7f, 0xff, 0x7f, 0xff, 0x7f, 0xff, 0x7f, 0xff, 0x7f,
	  0xff, 0x7f, 0xff, 0x7f, 0xff, 0x7f, 0xff, 0x7f, 0xff, 0x7f, 0xff, 0x7f,
	  0xff, 0x7f, 0xff, 0x7f, 0xff, 0x7f, 0xff, 0x7f, 0xff, 0x7f, 0xff, 0x7f,
	  0xff, 0x7f, 0xff, 0x7f, 0xff, 0x7f, 0xff, 0x7f, 0xff, 0x7f, 0xff, 0x7f,
	  0xff, 0x7f, 0xff, 0x7f, 0xff, 0x7f, 0xff, 0x7f, 0xff, 0x7f, 0xff, 0x7f,
	  0xff, 0x7f, 0xff, 0x7f, 0xff, 0x7f, 0xff, 0x7f, 0xff, 0x7f, 0xff, 0x7f,
	  0xff, 0x7f, 0xff, 0x7f, 0xff, 0x7f, 0xff, 0x7f, 0xff, 0x7f, 0xff, 0x7f,
	  0xff, 0x7f, 0xff, 0x7f, 0xff, 0x7f, 0xff, 0x7f, 0xff, 0x7f, 0xff, 0x7f,
	  0xff, 0x7f, 0xff, 0x7f, 0xff, 0x7f, 0xff, 0x7f, 0xff, 0x7f, 0xff, 0x7f,
	  0xff, 0x7f, 0xff, 0x7f, 0xff, 0x7f, 0xff, 0x7f, 0xff, 0x7f, 0xff, 0x7f,
	  0xff, 0x7f, 0xff, 0x7f, 0xff, 0x7f, 0xff, 0x7f, 0xff, 0x7f, 0xff, 0x7f,
	  0xff, 0x7f, 0xff, 0x7f, 0xff, 0x7f, 0xff, 0x7f, 0xff, 0x7f, 0xff, 0x7f,
	  0xff, 0x7f, 0xff, 0x7f, 0xff, 0x7f, 0xff, 0x7f, 0xff, 0x7f, 0xff, 0x7f,
	  0xff, 0x7f, 0xff, 0x7f, 0xff, 0x7f, 0xff, 0x7f, 0xff, 0x7f, 0xff, 0x7f,
	  0xff, 0x7f, 0xff, 0x7f, 0xff, 0x7f, 0xff, 0x7f, 0xff, 0x7f, 0xff, 0x7f,
	  0xff, 0x7f, 0xff, 0x7f, 0xff, 0x7f, 0xff, 0x7f, 0xff, 0x7f, 0xff, 0x7f,
	  0xff, 0x7f, 0xff, 0x7f, 0xff, 0x7f, 0xff, 0x7f, 0xff, 0x7f, 0xff, 0x7f,
	  0xff, 0x7f, 0xff, 0x7f, 0xff, 0x7f, 0xff, 0x7f, 0xff, 0x7f, 0xff, 0x7f,
	  0xff, 0x7f, 0xff, 0x7f, 0xff, 0x7f, 0xff, 0x7f, 0xff, 0x7f, 0xff, 0x7f,
	  0xff, 0x7f, 0xff, 0x7f, 0xff, 0x7f, 0xff, 0x7f, 0xff, 0x7f, 0xff, 0x7f,
	  0xff, 0x7f, 0xff, 0x7f, 0xff, 0x7f, 0xff, 0x7f, 0xff, 0x7f, 0xff, 0x7f,
	  0xff, 0x7f, 0xff, 0x7f, 0xff, 0x7f, 0xff, 0x7f, 0xff, 0x7f, 0xff, 0x7f,
	  0xff, 0x7f, 0xff, 0x7f, 0xff, 0x7f, 0xff, 0x7f, 0xff, 0x7f, 0xff, 0x7f,
	  0xff, 0x7f, 0xff, 0x7f, 0xff, 0x7f, 0xff, 0x7f, 0xff, 0x7f, 0xff, 0x7f,
	  0xff, 0x7f, 0xff, 0x7f, 0xff, 0x7f, 0xff, 0x7f, 0xff, 0x7f, 0xff, 0x7f,
	  0xff, 0x7f, 0xff, 0x7f, 0xff, 0x7f, 0xff, 0x7f, 0xff, 0x7f, 0xff, 0x7f,
	  0xff, 0x7f, 0xff, 0x7f, 0xff, 0x7f, 0xff, 0x7f, 0xff, 0x7f, 0xff, 0x7f,
	  0xff, 0x7f, 0xff, 0x7f, 0xff, 0x7f, 0xff, 0x7f, 0xff, 0x7f, 0xff, 0x7f,
	  0xff, 0x7f, 0xff, 0x7f, 0xff, 0x7f, 0xff, 0x7f, 0xff, 0x7f, 0xff, 0x7f,
	  0xff, 0x7f, 0xff, 0x7f, 0xff, 0x7f, 0xff, 0x7f, 0xff, 0x7f, 0xff, 0x7f,
	  0xff, 0x7f, 0xff, 0x7f, 0xff, 0x7f, 0xff, 0x7f, 0xff, 0x7f, 0xff, 0x7f,
	  0xff, 0x7f, 0xff, 0x7f, 0xff, 0x7f, 0xff, 0x7f, 0xff, 0x7f, 0xff, 0x7f,
	  0xff, 0x7f, 0xff, 0x7f, 0xff, 0x7f, 0xff, 0x7f, 0xff, 0x7f, 0xff, 0x7f,
	  0xff, 0x7f, 0xff, 0x7f, 0xff, 0x7f, 0xff, 0x7f, 0xff, 0x7f, 0xff, 0x7f,
	  0xff, 0x7f, 0xff, 0x7f, 0xff, 0x7f, 0xff, 0x7f, 0xff, 0x7f, 0xff, 0x7f,
	  0xff, 0x7f, 0xff, 0x7f, 0xff, 0x7f, 0xff, 0x7f, 0xff, 0x7f, 0xff, 0x7f,
	  0xff, 0x7f, 0xff, 0x7f, 0xff, 0x7f, 0xff, 0x7f, 0xff, 0x7f, 0xff, 0x7f,
	  0xff, 0x7f, 0xff, 0x7f, 0xff, 0x7f, 0xff, 0x7f, 0xff, 0x7f, 0xff, 0x7f,
	  0xff, 0x7f, 0xff, 0x7f, 0xff, 0x7f, 0xff, 0x7f, 0xff, 0x7f, 0xff, 0x7f,
	  0xff, 0x7f, 0xff, 0x7f, 0xff, 0x7f, 0xff, 0x7f, 0xff, 0x7f, 0xff, 0x7f,
	  0xff, 0x7f, 0xff, 0x7f, 0xff, 0x7f, 0xff, 0x7f, 0xff, 0x7f, 0xff, 0x7f,
	  0xff, 0x7f, 0xff, 0x7f, 0xff, 0x7f, 0xff, 0x7f, 0xff, 0x7f, 0xff, 0x7f,
	  0xff, 0x7f, 0xff, 0x7f, 0xff, 0x7f, 0xff, 0x7f, 0xff, 0x7f, 0xff, 0x7f,
	  0xff, 0x7f, 0xff, 0x7f, 0xff, 0x7f, 0xff, 0x7f, 0xff, 0x7f, 0xff, 0x7f,
	  0xff, 0x7f, 0xff, 0x7f, 0xff, 0x7f, 0xff, 0x7f, 0xff, 0x7f, 0xff, 0x7f,
	  0xff, 0x7f, 0xff, 0x7f, 0xff, 0x7f, 0xff, 0x7f, 0xff, 0x7f, 0xff, 0x7f,
	  0xff, 0x7f, 0xff, 0x7f, 0xff, 0x7f, 0xff, 0x7f, 0xff, 0x7f, 0xff, 0x7f,
	  0xff, 0x7f, 0xff, 0x7f, 0xff, 0x7f, 0xff, 0x7f, 0xff, 0x7f, 0xff, 0x7f,
	  0xff, 0x7f, 0xff, 0x7f, 0xff, 0x7f, 0xff, 0x7f, 0xff, 0x7f, 0xff, 0x7f,
	  0xff, 0x7f, 0xff, 0x7f, 0xff, 0x7f, 0xff, 0x7f, 0xff, 0x7f, 0xff, 0x7f,
	  0xff, 0x7f, 0xff, 0x7f, 0xff, 0x7f, 0xff, 0x7f, 0xff, 0x7f, 0xff, 0x7f,
	  0xff, 0x7f, 0xff, 0x7f, 0xff, 0x7f, 0xff, 0x7f, 0xff, 0x7f, 0xff, 0x7f,
	  0xff, 0x7f, 0xff, 0x7f, 0xff, 0x7f, 0xff, 0x7f, 0xff, 0x7f, 0xff, 0x7f,
	  0xff, 0x7f, 0xff, 0x7f, 0xff, 0x7f, 0xff, 0x7f, 0xff, 0x7f, 0xff, 0x7f,
	  0x79, 0xf7, 0x79, 0xf7, 0x79, 0xf7, 0x79, 0xf7, 0x79, 0xf7, 0x79, 0xf7,
	  0x79, 0xf7, 0x79, 0xf7, 0x79, 0xf7, 0x79, 0xf7, 0x79, 0xf7, 0x79, 0xf7,
	  0x79, 0xf7, 0x79, 0xf7, 0x79, 0xf7, 0x79, 0xf7, 0x79, 0xf7, 0x79, 0xf7,
	  0x79, 0xf7, 0x79, 0xf7, 0x79, 0xf7, 0x79, 0xf7, 0x79, 0xf7, 0x79, 0xf7,
	  0x79, 0xf7, 0x79, 0xf7, 0x79, 0xf7, 0x79, 0xf7, 0x79, 0xf7, 0x79, 0xf7,
	  0x79, 0xf7, 0x79, 0xf7, 0x79, 0xf7, 0x79, 0xf7, 0x79, 0xf7, 0x79, 0xf7,
	  0x79, 0xf7, 0x79, 0xf7, 0x79, 0xf7, 0x79, 0xf7, 0x79, 0xf7, 0x79, 0xf7,
	  0x79, 0xf7, 0x79, 0xf7, 0x79, 0xf7, 0x79, 0xf7, 0x79, 0xf7, 0x79, 0xf7,
	  0x79, 0xf7, 0x79, 0xf7, 0x79, 0xf7, 0x79, 0xf7, 0x79, 0xf7, 0x79, 0xf7,
	  0x79, 0xf7, 0x79, 0xf7, 0x79, 0xf7, 0x79, 0xf7, 0x79, 0xf7, 0x79, 0xf7,
	  0x79, 0xf7, 0x9b, 0xf9, 0xbd, 0xfb, 0xdf, 0xfd, 0x01, 0x00, 0x23, 0x02,
	  0x45, 0x04, 0x67, 0x06, 0x8a, 0x08, 0xac, 0x0a, 0xce, 0x0c, 0xf0, 0x0e,
	  0x12, 0x11, 0x34, 0x13, 0x56, 0x15, 0x78, 0x17, 0x9a, 0x19, 0xbd, 0x1b,
	  0xdf, 0x1d, 0x01, 0x20, 0x23, 0x22, 0x45, 0x24, 0x67, 0x26, 0x89, 0x28,
	  0xab, 0x2a, 0xce, 0x2c, 0xf0, 0x2e, 0x12, 0x31, 0x34, 0x33, 0x56, 0x35,
	  0x78, 0x37, 0x9a, 0x39, 0xbc, 0x3b, 0xde, 0x3d, 0x01, 0x40, 0x23, 0x42,
	  0x45, 0x44, 0x67, 0x46, 0x89, 0x48, 0xab, 0x4a, 0xcd, 0x4c, 0xef, 0x4e,
	  0x12, 0x51, 0x34, 0x53, 0x56, 0x55, 0x78, 0x57, 0x9a, 0x59, 0xbc, 0x5b,
	  0xde, 0x5d, 0x00, 0x60, 0x22, 0x62, 0x45, 0x64, 0x67, 0x66, 0x89, 0x68,
	  0xab, 0x6a, 0xcd, 0x6c, 0xef, 0x6e, 0x11, 0x71, 0x33, 0x73, 0x56, 0x75,
	  0x78, 0x77, 0x9a, 0x79, 0xbc, 0x7b, 0xde, 0x7d, 0xff, 0x7f, 0xff, 0x7f,
	  0xff, 0x7f, 0xff, 0x7f, 0xff, 0x7f, 0xff, 0x7f, 0xff, 0x7f, 0xff, 0x7f,
	  0xff, 0x7f, 0xff, 0x7f, 0xff, 0x7f, 0xff, 0x7f, 0xff, 0x7f, 0xff, 0x7f,
	  0xff, 0x7f, 0xff, 0x7f, 0xff, 0x7f, 0xff, 0x7f, 0xff, 0x7f, 0xff, 0x7f,
	  0xff, 0x7f, 0xff, 0x7f, 0xff, 0x7f, 0xff, 0x7f, 0xff, 0x7f, 0xff, 0x7f,
	  0xff, 0x7f, 0xff, 0x7f, 0xff, 0x7f, 0xff, 0x7f, 0xff, 0x7f, 0xff, 0x7f,
	  0xff, 0x7f, 0xff, 0x7f, 0xff, 0x7f, 0xff, 0x7f, 0xff, 0x7f, 0xff, 0x7f,
	  0xff, 0x7f, 0xff, 0x7f, 0xff, 0x7f, 0xff, 0x7f, 0xff, 0x7f, 0xff, 0x7f,
	  0xff, 0x7f, 0xff, 0x7f, 0xff, 0x7f, 0xff, 0x7f, 0xff, 0x7f, 0xff, 0x7f,
	  0xff, 0x7f, 0xff, 0x7f, 0xff, 0x7f, 0xff, 0x7f, 0xff, 0x7f, 0xff, 0x7f,
	  0xff, 0x7f, 0xff, 0x7f, 0xff, 0x7f, 0xff, 0x7f, 0xff, 0x7f, 0xff, 0x7f,
	  0xff, 0x7f, 0xff, 0x7f, 0xff, 0x7f, 0xff, 0x7f, 0xff, 0x7f, 0xff, 0x7f,
	  0xff, 0x7f, 0xff, 0x7f, 0xff, 0x7f, 0xff, 0x7f, 0xff, 0x7f, 0xff, 0x7f,
	  0xff, 0x7f, 0xff, 0x7f, 0xff, 0x7f, 0xff, 0x7f, 0xff, 0x7f, 0xff, 0x7f,
	  0xff, 0x7f, 0xff, 0x7f, 0xff, 0x7f, 0xff, 0x7f, 0xff, 0x7f, 0xff, 0x7f,
	  0xff, 0x7f, 0xff, 0x7f, 0xff, 0x7f, 0xff, 0x7f, 0xff, 0x7f, 0xff, 0x7f,
	  0xff, 0x7f, 0xff, 0x7f, 0xff, 0x7f, 0xff, 0x7f, 0xff, 0x7f, 0xff, 0x7f,
	  0xff, 0x7f, 0xff, 0x7f, 0xff, 0x7f, 0xff, 0x7f, 0xff, 0x7f, 0xff, 0x7f,
	  0xff, 0x7f, 0xff, 0x7f, 0xff, 0x7f, 0xff, 0x7f, 0xff, 0x7f, 0xff, 0x7f,
	  0xff, 0x7f, 0xff, 0x7f, 0xff, 0x7f, 0xff, 0x7f, 0xff, 0x7f, 0xff, 0x7f,
	  0xff, 0x7f, 0xff, 0x7f, 0xff, 0x7f, 0xff, 0x7f, 0xff, 0x7f, 0xff, 0x7f,
	  0xff, 0x7f, 0xff, 0x7f, 0xff, 0x7f, 0xff, 0x7f, 0xff, 0x7f, 0xff, 0x7f,
	  0xff, 0x7f, 0xff, 0x7f, 0xff, 0x7f, 0xff, 0x7f, 0xff, 0x7f, 0xff, 0x7f,
	  0xff, 0x7f, 0xff, 0x7f, 0xff, 0x7f, 0xff, 0x7f, 0xff, 0x7f, 0xff, 0x7f,
	  0xff, 0x7f, 0xff, 0x7f, 0xff, 0x7f, 0xff, 0x7f, 0xff, 0x7f, 0xff, 0x7f,
	  0xff, 0x7f, 0xff, 0x7f, 0xff, 0x7f, 0xff, 0x7f, 0xff, 0x7f, 0xff, 0x7f,
	  0xff, 0x7f, 0xff, 0x7f, 0xff, 0x7f, 0xff, 0x7f, 0xff, 0x7f, 0xff, 0x7f,
	  0xff, 0x7f, 0xff, 0x7f, 0xff, 0x7f, 0xff, 0x7f, 0xff, 0x7f, 0xff, 0x7f,
	  0xff, 0x7f, 0xff, 0x7f, 0xff, 0x7f, 0xff, 0x7f, 0xff, 0x7f, 0xff, 0x7f,
	  0xff, 0x7f, 0xff, 0x7f, 0xff, 0x7f, 0xff, 0x7f, 0xff, 0x7f, 0xff, 0x7f,
	  0xff, 0x7f, 0xff, 0x7f, 0xff, 0x7f, 0xff, 0x7f, 0xff, 0x7f, 0xff, 0x7f,
	  0xff, 0x7f, 0xff, 0x7f, 0xff, 0x7f, 0xff, 0x7f, 0xff, 0x7f, 0xff, 0x7f,
	  0xff, 0x7f, 0xff, 0x7f, 0xff, 0x7f, 0xff, 0x7f, 0xff, 0x7f, 0xff, 0x7f,
	  0xff, 0x7f, 0xff, 0x7f, 0xff, 0x7f, 0xff, 0x7f, 0xff, 0x7f, 0xff, 0x7f,
	  0xff, 0x7f, 0xff, 0x7f, 0xff, 0x7f, 0xff, 0x7f, 0xff, 0x7f, 0xff, 0x7f,
	  0xff, 0x7f, 0xff, 0x7f, 0xff, 0x7f, 0xff, 0x7f, 0xff, 0x7f, 0xff, 0x7f,
	  0xff, 0x7f, 0xff, 0x7f, 0xff, 0x7f, 0xff, 0x7f, 0xff, 0x7f, 0xff, 0x7f,
	  0xff, 0x7f, 0xff, 0x7f, 0xff, 0x7f, 0xff, 0x7f, 0xff, 0x7f, 0xff, 0x7f,
	  0xff, 0x7f, 0xff, 0x7f, 0xff, 0x7f, 0xff, 0x7f, 0xff, 0x7f, 0xff, 0x7f,
	  0xff, 0x7f, 0xff, 0x7f, 0xff, 0x7f, 0xff, 0x7f, 0xff, 0x7f, 0xff, 0x7f,
	  0xff, 0x7f, 0xff, 0x7f, 0xff, 0x7f, 0xff, 0x7f, 0xff, 0x7f, 0xff, 0x7f,
	  0xff, 0x7f, 0xff, 0x7f, 0xff, 0x7f, 0xff, 0x7f, 0xff, 0x7f, 0xff, 0x7f,
	  0xff, 0x7f, 0xff, 0x7f, 0xff, 0x7f, 0xff, 0x7f, 0xff, 0x7f, 0xff, 0x7f,
	  0xff, 0x7f, 0xff, 0x7f, 0xff, 0x7f, 0xff, 0x7f, 0xff, 0x7f, 0xff, 0x7f,
	  0xff, 0x7f, 0xff, 0x7f, 0xff, 0x7f, 0xff, 0x7f, 0xff, 0x7f, 0xff, 0x7f,
	  0xff, 0x7f, 0xff, 0x7f, 0xff, 0x7f, 0xff, 0x7f, 0xff, 0x7f, 0xff, 0x7f,
	  0xff, 0x7f, 0xff, 0x7f, 0xff, 0x7f, 0xff, 0x7f, 0xff, 0x7f, 0xff, 0x7f,
	  0xff, 0x7f, 0xff, 0x7f, 0xff, 0x7f, 0xff, 0x7f, 0xff, 0x7f, 0xff, 0x7f,
	  0xff, 0x7f, 0xff, 0x7f, 0xff, 0x7f, 0xff, 0x7f, 0xff, 0x7f, 0xff, 0x7f,
	  0xff, 0x7f, 0xff, 0x7f, 0xff, 0x7f, 0xff, 0x7f, 0xff, 0x7f, 0xff, 0x7f,
	  0xff, 0x7f, 0xff, 0x7f, 0xff, 0x7f, 0xff, 0x7f, 0xff, 0x7f, 0xff, 0x7f,
	  0xff, 0x7f, 0xff, 0x7f, 0xff, 0x7f, 0xff, 0x7f, 0xff, 0x7f, 0xff, 0x7f,
	  0xff, 0x7f, 0xff, 0x7f, 0xff, 0x7f, 0xff, 0x7f, 0xff, 0x7f, 0xff, 0x7f,
	  0xff, 0x7f, 0xff, 0x7f, 0xff, 0x7f, 0xff, 0x7f, 0xff, 0x7f, 0xff, 0x7f,
	  0xff, 0x7f, 0xff, 0x7f, 0xff, 0x7f, 0xff, 0x7f, 0xff, 0x7f, 0xff, 0x7f,
	  0xff, 0x7f, 0xff, 0x7f, 0xff, 0x7f, 0xff, 0x7f, 0xff, 0x7f, 0xff, 0x7f,
	  0xff, 0x7f, 0xff, 0x7f, 0xff, 0x7f, 0xff, 0x7f, 0xff, 0x7f, 0xff, 0x7f,
	  0xff, 0x7f, 0xff, 0x7f, 0xff, 0x7f, 0xff, 0x7f, 0xff, 0x7f, 0xff, 0x7f,
	  0xff, 0x7f, 0xff, 0x7f, 0xff, 0x7f, 0xff, 0x7f, 0xff, 0x7f, 0xff, 0x7f,
	  0xff, 0x7f, 0xff, 0x7f, 0xff, 0x7f, 0xff, 0x7f, 0xff, 0x7f, 0xff, 0x7f,
	  0xff, 0x7f, 0xff, 0x7f, 0xff, 0x7f, 0xff, 0x7f, 0xff, 0x7f, 0xff, 0x7f,
	  0xff, 0x7f, 0xff, 0x7f, 0xff, 0x7f, 0xff, 0x7f, 0xff, 0x7f, 0xff, 0x7f,
	  0xff, 0x7f, 0xff, 0x7f, 0xff, 0x7f, 0xff, 0x7f, 0xff, 0x7f, 0xff, 0x7f,
	  0xff, 0x7f, 0xff, 0x7f, 0xff, 0x7f, 0xff, 0x7f, 0xff, 0x7f, 0xff, 0x7f,
	  0xff, 0x7f, 0xff, 0x7f, 0xff, 0x7f, 0xff, 0x7f, 0xff, 0x7f, 0xff, 0x7f,
	  0xff, 0x7f, 0xff, 0x7f, 0x79, 0xf7, 0x79, 0xf7, 0x79, 0xf7, 0x79, 0xf7,
	  0x79, 0xf7, 0x79, 0xf7, 0x79, 0xf7, 0x79, 0xf7, 0x79, 0xf7, 0x79, 0xf7,
	  0x79, 0xf7, 0x79, 0xf7, 0x79, 0xf7, 0x79, 0xf7, 0x79, 0xf7, 0x79, 0xf7,
	  0x79, 0xf7, 0x79, 0xf7, 0x79, 0xf7, 0x79, 0xf7, 0x79, 0xf7, 0x79, 0xf7,
	  0x79, 0xf7, 0x79, 0xf7, 0x79, 0xf7, 0x79, 0xf7, 0x79, 0xf7, 0x79, 0xf7,
	  0x79, 0xf7, 0x79, 0xf7, 0x79, 0xf7, 0x79, 0xf7, 0x79, 0xf7, 0x79, 0xf7,
	  0x79, 0xf7, 0x79, 0xf7, 0x79, 0xf7, 0x79, 0xf7, 0x79, 0xf7, 0x79, 0xf7,
	  0x79, 0xf7, 0x79, 0xf7, 0x79, 0xf7, 0x79, 0xf7, 0x79, 0xf7, 0x79, 0xf7,
	  0x79, 0xf7, 0x79, 0xf7, 0x79, 0xf7, 0x79, 0xf7, 0x79, 0xf7, 0x79, 0xf7,
	  0x79, 0xf7, 0x79, 0xf7, 0x79, 0xf7, 0x79, 0xf7, 0x79, 0xf7, 0x79, 0xf7,
	  0x79, 0xf7, 0x79, 0xf7, 0x79, 0xf7, 0x9b, 0xf9, 0xbd, 0xfb, 0xdf, 0xfd,
	  0x01, 0x00, 0x23, 0x02, 0x45, 0x04, 0x67, 0x06, 0x8a, 0x08, 0xac, 0x0a,
	  0xce, 0x0c, 0xf0, 0x0e, 0x12, 0x11, 0x34, 0x13, 0x56, 0x15, 0x78, 0x17,
	  0x9a, 0x19, 0xbd, 0x1b, 0xdf, 0x1d, 0x01, 0x20, 0x23, 0x22, 0x45, 0x24,
	  0x67, 0x26, 0x89, 0x28, 0xab, 0x2a, 0xce, 0x2c, 0xf0, 0x2e, 0x12, 0x31,
	  0x34, 0x33, 0x56, 0x35, 0x78, 0x37, 0x9a, 0x39, 0xbc, 0x3b, 0xde, 0x3d,
	  0x01, 0x40, 0x23, 0x42, 0x45, 0x44, 0x67, 0x46, 0x89, 0x48, 0xab, 0x4a,
	  0xcd, 0x4c, 0xef, 0x4e, 0x12, 0x51, 0x34, 0x53, 0x56, 0x55, 0x78, 0x57,
	  0x9a, 0x59, 0xbc, 0x5b, 0xde, 0x5d, 0x00, 0x60, 0x22, 0x62, 0x45, 0x64,
	  0x67, 0x66, 0x89, 0x68, 0xab, 0x6a, 0xcd, 0x6c, 0xef, 0x6e, 0x11, 0x71,
	  0x33, 0x73, 0x56, 0x75, 0x78, 0x77, 0x9a, 0x79, 0xbc, 0x7b, 0xde, 0x7d,
	  0xff, 0x7f, 0xff, 0x7f, 0xff, 0x7f, 0xff, 0x7f, 0xff, 0x7f, 0xff, 0x7f,
	  0xff, 0x7f, 0xff, 0x7f, 0xff, 0x7f, 0xff, 0x7f, 0xff, 0x7f, 0xff, 0x7f,
	  0xff, 0x7f, 0xff, 0x7f, 0xff, 0x7f, 0xff, 0x7f, 0xff, 0x7f, 0xff, 0x7f,
	  0xff, 0x7f, 0xff, 0x7f, 0xff, 0x7f, 0xff, 0x7f, 0xff, 0x7f, 0xff, 0x7f,
	  0xff, 0x7f, 0xff, 0x7f, 0xff, 0x7f, 0xff, 0x7f, 0xff, 0x7f, 0xff, 0x7f,
	  0xff, 0x7f, 0xff, 0x7f, 0xff, 0x7f, 0xff, 0x7f, 0xff, 0x7f, 0xff, 0x7f,
	  0xff, 0x7f, 0xff, 0x7f, 0xff, 0x7f, 0xff, 0x7f, 0xff, 0x7f, 0xff, 0x7f,
	  0xff, 0x7f, 0xff, 0x7f, 0xff, 0x7f, 0xff, 0x7f, 0xff, 0x7f, 0xff, 0x7f,
	  0xff, 0x7f, 0xff, 0x7f, 0xff, 0x7f, 0xff, 0x7f, 0xff, 0x7f, 0xff, 0x7f,
	  0xff, 0x7f, 0xff, 0x7f, 0xff, 0x7f, 0xff, 0x7f, 0xff, 0x7f, 0xff, 0x7f,
	  0xff, 0x7f, 0xff, 0x7f, 0xff, 0x7f, 0xff, 0x7f, 0xff, 0x7f, 0xff, 0x7f,
	  0xff, 0x7f, 0xff, 0x7f, 0xff, 0x7f, 0xff, 0x7f, 0xff, 0x7f, 0xff, 0x7f,
	  0xff, 0x7f, 0xff, 0x7f, 0xff, 0x7f, 0xff, 0x7f, 0xff, 0x7f, 0xff, 0x7f,
	  0xff, 0x7f, 0xff, 0x7f, 0xff, 0x7f, 0xff, 0x7f, 0xff, 0x7f, 0xff, 0x7f,
	  0xff, 0x7f, 0xff, 0x7f, 0xff, 0x7f, 0xff, 0x7f, 0xff, 0x7f, 0xff, 0x7f,
	  0xff, 0x7f, 0xff, 0x7f, 0xff, 0x7f, 0xff, 0x7f, 0xff, 0x7f, 0xff, 0x7f,
	  0xff, 0x7f, 0xff, 0x7f, 0xff, 0x7f, 0xff, 0x7f, 0xff, 0x7f, 0xff, 0x7f,
	  0xff, 0x7f, 0xff, 0x7f, 0xff, 0x7f, 0xff, 0x7f, 0xff, 0x7f, 0xff, 0x7f,
	  0xff, 0x7f, 0xff, 0x7f, 0xff, 0x7f, 0xff, 0x7f, 0xff, 0x7f, 0xff, 0x7f,
	  0xff, 0x7f, 0xff, 0x7f, 0xff, 0x7f, 0xff, 0x7f, 0xff, 0x7f, 0xff, 0x7f,
	  0xff, 0x7f, 0xff, 0x7f, 0xff, 0x7f, 0xff, 0x7f, 0xff, 0x7f, 0xff, 0x7f,
	  0xff, 0x7f, 0xff, 0x7f, 0xff, 0x7f, 0xff, 0x7f, 0xff, 0x7f, 0xff, 0x7f,
	  0xff, 0x7f, 0xff, 0x7f, 0xff, 0x7f, 0xff, 0x7f, 0xff, 0x7f, 0xff, 0x7f,
	  0xff, 0x7f, 0xff, 0x7f, 0xff, 0x7f, 0xff, 0x7f, 0xff, 0x7f, 0xff, 0x7f,
	  0xff, 0x7f, 0xff, 0x7f, 0xff, 0x7f, 0xff, 0x7f, 0xff, 0x7f, 0xff, 0x7f,
	  0xff, 0x7f, 0xff, 0x7f, 0xff, 0x7f, 0xff, 0x7f, 0xff, 0x7f, 0xff, 0x7f,
	  0xff, 0x7f, 0xff, 0x7f, 0xff, 0x7f, 0xff, 0x7f, 0xff, 0x7f, 0xff, 0x7f,
	  0xff, 0x7f, 0xff, 0x7f, 0xff, 0x7f, 0xff, 0x7f, 0xff, 0x7f, 0xff, 0x7f,
	  0xff, 0x7f, 0xff, 0x7f, 0xff, 0x7f, 0xff, 0x7f, 0xff, 0x7f, 0xff, 0x7f,
	  0xff, 0x7f, 0xff, 0x7f, 0xff, 0x7f, 0xff, 0x7f, 0xff, 0x7f, 0xff, 0x7f,
	  0xff, 0x7f, 0xff, 0x7f, 0xff, 0x7f, 0xff, 0x7f, 0xff, 0x7f, 0xff, 0x7f,
	  0xff, 0x7f, 0xff, 0x7f, 0xff, 0x7f, 0xff, 0x7f, 0xff, 0x7f, 0xff, 0x7f,
	  0xff, 0x7f, 0xff, 0x7f, 0xff, 0x7f, 0xff, 0x7f, 0xff, 0x7f, 0xff, 0x7f,
	  0xff, 0x7f, 0xff, 0x7f, 0xff, 0x7f, 0xff, 0x7f, 0xff, 0x7f, 0xff, 0x7f,
	  0xff, 0x7f, 0xff, 0x7f, 0xff, 0x7f, 0xff, 0x7f, 0xff, 0x7f, 0xff, 0x7f,
	  0xff, 0x7f, 0xff, 0x7f, 0xff, 0x7f, 0xff, 0x7f, 0xff, 0x7f, 0xff, 0x7f,
	  0xff, 0x7f, 0xff, 0x7f, 0xff, 0x7f, 0xff, 0x7f, 0xff, 0x7f, 0xff, 0x7f,
	  0xff, 0x7f, 0xff, 0x7f, 0xff, 0x7f, 0xff, 0x7f, 0xff, 0x7f, 0xff, 0x7f,
	  0xff, 0x7f, 0xff, 0x7f, 0xff, 0x7f, 0xff, 0x7f, 0xff, 0x7f, 0xff, 0x7f,
	  0xff, 0x7f, 0xff, 0x7f, 0xff, 0x7f, 0xff, 0x7f, 0xff, 0x7f, 0xff, 0x7f,
	  0xff, 0x7f, 0xff, 0x7f, 0xff, 0x7f, 0xff, 0x7f, 0xff, 0x7f, 0xff, 0x7f,
	  0xff, 0x7f, 0xff, 0x7f, 0xff, 0x7f, 0xff, 0x7f, 0xff, 0x7f, 0xff, 0x7f,
	  0xff, 0x7f, 0xff, 0x7f, 0xff, 0x7f, 0xff, 0x7f, 0xff, 0x7f, 0xff, 0x7f,
	  0xff, 0x7f, 0xff, 0x7f, 0xff, 0x7f, 0xff, 0x7f, 0xff, 0x7f, 0xff, 0x7f,
	  0xff, 0x7f, 0xff, 0x7f, 0xff, 0x7f, 0xff, 0x7f, 0xff, 0x7f, 0xff, 0x7f,
	  0xff, 0x7f, 0xff, 0x7f, 0xff, 0x7f, 0xff, 0x7f, 0xff, 0x7f, 0xff, 0x7f,
	  0xff, 0x7f, 0xff, 0x7f, 0xff, 0x7f, 0xff, 0x7f, 0xff, 0x7f, 0xff, 0x7f,
	  0xff, 0x7f, 0xff, 0x7f, 0xff, 0x7f, 0xff, 0x7f, 0xff, 0x7f, 0xff, 0x7f,
	  0xff, 0x7f, 0xff, 0x7f, 0xff, 0x7f, 0xff, 0x7f, 0xff, 0x7f, 0xff, 0x7f,
	  0xff, 0x7f, 0xff, 0x7f, 0xff, 0x7f, 0xff, 0x7f, 0xff, 0x7f, 0xff, 0x7f,
	  0xff, 0x7f, 0xff, 0x7f, 0xff, 0x7f, 0xff, 0x7f, 0xff, 0x7f, 0xff, 0x7f,
	  0xff, 0x7f, 0xff, 0x7f, 0xff, 0x7f, 0xff, 0x7f, 0xff, 0x7f, 0xff, 0x7f,
	  0xff, 0x7f, 0xff, 0x7f, 0xff, 0x7f, 0xff, 0x7f, 0xff, 0x7f, 0xff, 0x7f,
	  0xff, 0x7f, 0xff, 0x7f, 0xff, 0x7f, 0xff, 0x7f, 0xff, 0x7f, 0xff, 0x7f,
	  0xff, 0x7f, 0xff, 0x7f, 0xff, 0x7f, 0xff, 0x7f, 0xff, 0x7f, 0xff, 0x7f,
	  0xff, 0x7f, 0xff, 0x7f, 0xff, 0x7f, 0xff, 0x7f, 0xff, 0x7f, 0xff, 0x7f,
	  0xff, 0x7f, 0xff, 0x7f, 0xff, 0x7f, 0xff, 0x7f, 0xff, 0x7f, 0xff, 0x7f,
	  0xff, 0x7f, 0xff, 0x7f, 0xff, 0x7f, 0xff, 0x7f, 0xff, 0x7f, 0xff, 0x7f,
	  0xff, 0x7f, 0xff, 0x7f, 0xff, 0x7f, 0xff, 0x7f, 0xff, 0x7f, 0xff, 0x7f,
	  0xff, 0x7f, 0xff, 0x7f, 0xff, 0x7f, 0xff, 0x7f, 0xff, 0x7f, 0xff, 0x7f,
	  0xff, 0x7f, 0xff, 0x7f, 0xff, 0x7f, 0xff, 0x7f, 0xff, 0x7f, 0xff, 0x7f,
	  0xff, 0x7f, 0xff, 0x7f, 0xff, 0x7f, 0xff, 0x7f, 0xff, 0x7f, 0xff, 0x7f,
	  0xff, 0x7f, 0xff, 0x7f, 0xff, 0x7f, 0xff, 0x7f, 0xff, 0x7f, 0xff, 0x7f,
	  0xff, 0x7f, 0xff, 0x7f, 0xff, 0x7f, 0xff, 0x7f, 0xff, 0x7f, 0xff, 0x7f,
	  0xff, 0x7f, 0xff, 0x7f, 0xff, 0x7f, 0xff, 0x7f, 0x79, 0xf7, 0x79, 0xf7,
	  0x79, 0xf7, 0x79, 0xf7, 0x79, 0xf7, 0x79, 0xf7, 0x79, 0xf7, 0x79, 0xf7,
	  0x79, 0xf7, 0x79, 0xf7, 0x79, 0xf7, 0x79, 0xf7, 0x79, 0xf7, 0x79, 0xf7,
	  0x79, 0xf7, 0x79, 0xf7, 0x79, 0xf7, 0x79, 0xf7, 0x79, 0xf7, 0x79, 0xf7,
	  0x79, 0xf7, 0x79, 0xf7, 0x79, 0xf7, 0x79, 0xf7, 0x79, 0xf7, 0x79, 0xf7,
	  0x79, 0xf7, 0x79, 0xf7, 0x79, 0xf7, 0x79, 0xf7, 0x79, 0xf7, 0x79, 0xf7,
	  0x79, 0xf7, 0x79, 0xf7, 0x79, 0xf7, 0x79, 0xf7, 0x79, 0xf7, 0x79, 0xf7,
	  0x79, 0xf7, 0x79, 0xf7, 0x79, 0xf7, 0x79, 0xf7, 0x79, 0xf7, 0x79, 0xf7,
	  0x79, 0xf7, 0x79, 0xf7, 0x79, 0xf7, 0x79, 0xf7, 0x79, 0xf7, 0x79, 0xf7,
	  0x79, 0xf7, 0x79, 0xf7, 0x79, 0xf7, 0x79, 0xf7, 0x79, 0xf7, 0x79, 0xf7,
	  0x79, 0xf7, 0x79, 0xf7, 0x79, 0xf7, 0x79, 0xf7, 0x79, 0xf7, 0x9b, 0xf9,
	  0xbd, 0xfb, 0xdf, 0xfd, 0x01, 0x00, 0x23, 0x02, 0x45, 0x04, 0x67, 0x06,
	  0x8a, 0x08, 0xac, 0x0a, 0xce, 0x0c, 0xf0, 0x0e, 0x12, 0x11, 0x34, 0x13,
	  0x56, 0x15, 0x78, 0x17, 0x9a, 0x19, 0xbd, 0x1b, 0xdf, 0x1d, 0x01, 0x20,
	  0x23, 0x22, 0x45, 0x24, 0x67, 0x26, 0x89, 0x28, 0xab, 0x2a, 0xce, 0x2c,
	  0xf0, 0x2e, 0x12, 0x31, 0x34, 0x33, 0x56, 0x35, 0x78, 0x37, 0x9a, 0x39,
	  0xbc, 0x3b, 0xde, 0x3d, 0x01, 0x40, 0x23, 0x42, 0x45, 0x44, 0x67, 0x46,
	  0x89, 0x48, 0xab, 0x4a, 0xcd, 0x4c, 0xef, 0x4e, 0x12, 0x51, 0x34, 0x53,
	  0x56, 0x55, 0x78, 0x57, 0x9a, 0x59, 0xbc, 0x5b, 0xde, 0x5d, 0x00, 0x60,
	  0x22, 0x62, 0x45, 0x64, 0x67, 0x66, 0x89, 0x68, 0xab, 0x6a, 0xcd, 0x6c,
	  0xef, 0x6e, 0x11, 0x71, 0x33, 0x73, 0x56, 0x75, 0x78, 0x77, 0x9a, 0x79,
	  0xbc, 0x7b, 0xde, 0x7d, 0xff, 0x7f, 0xff, 0x7f, 0xff, 0x7f, 0xff, 0x7f,
	  0xff, 0x7f, 0xff, 0x7f, 0xff, 0x7f, 0xff, 0x7f, 0xff, 0x7f, 0xff, 0x7f,
	  0xff, 0x7f, 0xff, 0x7f, 0xff, 0x7f, 0xff, 0x7f, 0xff, 0x7f, 0xff, 0x7f,
	  0xff, 0x7f, 0xff, 0x7f, 0xff, 0x7f, 0xff, 0x7f, 0xff, 0x7f, 0xff, 0x7f,
	  0xff, 0x7f, 0xff, 0x7f, 0xff, 0x7f, 0xff, 0x7f, 0xff, 0x7f, 0xff, 0x7f,
	  0xff, 0x7f, 0xff, 0x7f, 0xff, 0x7f, 0xff, 0x7f, 0xff, 0x7f, 0xff, 0x7f,
	  0xff, 0x7f, 0xff, 0x7f, 0xff, 0x7f, 0xff, 0x7f, 0xff, 0x7f, 0xff, 0x7f,
	  0xff, 0x7f, 0xff, 0x7f, 0xff, 0x7f, 0xff, 0x7f, 0xff, 0x7f, 0xff, 0x7f,
	  0xff, 0x7f, 0xff, 0x7f, 0xff, 0x7f, 0xff, 0x7f, 0xff, 0x7f, 0xff, 0x7f,
	  0xff, 0x7f, 0xff, 0x7f, 0xff, 0x7f, 0xff, 0x7f, 0xff, 0x7f, 0xff, 0x7f,
	  0xff, 0x7f, 0xff, 0x7f, 0xff, 0x7f, 0xff, 0x7f, 0xff, 0x7f, 0xff, 0x7f,
	  0xff, 0x7f, 0xff, 0x7f, 0xff, 0x7f, 0xff, 0x7f, 0xff, 0x7f, 0xff, 0x7f,
	  0xff, 0x7f, 0xff, 0x7f, 0xff, 0x7f, 0xff, 0x7f, 0xff, 0x7f, 0xff, 0x7f,
	  0xff, 0x7f, 0xff, 0x7f, 0xff, 0x7f, 0xff, 0x7f, 0xff, 0x7f, 0xff, 0x7f,
	  0xff, 0x7f, 0xff, 0x7f, 0xff, 0x7f, 0xff, 0x7f, 0xff, 0x7f, 0xff, 0x7f,
	  0xff, 0x7f, 0xff, 0x7f, 0xff, 0x7f, 0xff, 0x7f, 0xff, 0x7f, 0xff, 0x7f,
	  0xff, 0x7f, 0xff, 0x7f, 0xff, 0x7f, 0xff, 0x7f, 0xff, 0x7f, 0xff, 0x7f,
	  0xff, 0x7f, 0xff, 0x7f, 0xff, 0x7f, 0xff, 0x7f, 0xff, 0x7f, 0xff, 0x7f,
	  0xff, 0x7f, 0xff, 0x7f, 0xff, 0x7f, 0xff, 0x7f, 0xff, 0x7f, 0xff, 0x7f,
	  0xff, 0x7f, 0xff, 0x7f, 0xff, 0x7f, 0xff, 0x7f, 0xff, 0x7f, 0xff, 0x7f,
	  0xff, 0x7f, 0xff, 0x7f, 0xff, 0x7f, 0xff, 0x7f, 0xff, 0x7f, 0xff, 0x7f,
	  0xff, 0x7f, 0xff, 0x7f, 0xff, 0x7f, 0xff, 0x7f, 0xff, 0x7f, 0xff, 0x7f,
	  0xff, 0x7f, 0xff, 0x7f, 0xff, 0x7f, 0xff, 0x7f, 0xff, 0x7f, 0xff, 0x7f,
	  0xff, 0x7f, 0xff, 0x7f, 0xff, 0x7f, 0xff, 0x7f, 0xff, 0x7f, 0xff, 0x7f,
	  0xff, 0x7f, 0xff, 0x7f, 0xff, 0x7f, 0xff, 0x7f, 0xff, 0x7f, 0xff, 0x7f,
	  0xff, 0x7f, 0xff, 0x7f, 0xff, 0x7f, 0xff, 0x7f, 0xff, 0x7f, 0xff, 0x7f,
	  0xff, 0x7f, 0xff, 0x7f, 0xff, 0x7f, 0xff, 0x7f, 0xff, 0x7f, 0xff, 0x7f,
	  0xff, 0x7f, 0xff, 0x7f, 0xff, 0x7f, 0xff, 0x7f, 0xff, 0x7f, 0xff, 0x7f,
	  0xff, 0x7f, 0xff, 0x7f, 0xff, 0x7f, 0xff, 0x7f, 0xff, 0x7f, 0xff, 0x7f,
	  0xff, 0x7f, 0xff, 0x7f, 0xff, 0x7f, 0xff, 0x7f, 0xff, 0x7f, 0xff, 0x7f,
	  0xff, 0x7f, 0xff, 0x7f, 0xff, 0x7f, 0xff, 0x7f, 0xff, 0x7f, 0xff, 0x7f,
	  0xff, 0x7f, 0xff, 0x7f, 0xff, 0x7f, 0xff, 0x7f, 0xff, 0x7f, 0xff, 0x7f,
	  0xff, 0x7f, 0xff, 0x7f, 0xff, 0x7f, 0xff, 0x7f, 0xff, 0x7f, 0xff, 0x7f,
	  0xff, 0x7f, 0xff, 0x7f, 0xff, 0x7f, 0xff, 0x7f, 0xff, 0x7f, 0xff, 0x7f,
	  0xff, 0x7f, 0xff, 0x7f, 0xff, 0x7f, 0xff, 0x7f, 0xff, 0x7f, 0xff, 0x7f,
	  0xff, 0x7f, 0xff, 0x7f, 0xff, 0x7f, 0xff, 0x7f, 0xff, 0x7f, 0xff, 0x7f,
	  0xff, 0x7f, 0xff, 0x7f, 0xff, 0x7f, 0xff, 0x7f, 0xff, 0x7f, 0xff, 0x7f,
	  0xff, 0x7f, 0xff, 0x7f, 0xff, 0x7f, 0xff, 0x7f, 0xff, 0x7f, 0xff, 0x7f,
	  0xff, 0x7f, 0xff, 0x7f, 0xff, 0x7f, 0xff, 0x7f, 0xff, 0x7f, 0xff, 0x7f,
	  0xff, 0x7f, 0xff, 0x7f, 0xff, 0x7f, 0xff, 0x7f, 0xff, 0x7f, 0xff, 0x7f,
	  0xff, 0x7f, 0xff, 0x7f, 0xff, 0x7f, 0xff, 0x7f, 0xff, 0x7f, 0xff, 0x7f,
	  0xff, 0x7f, 0xff, 0x7f, 0xff, 0x7f, 0xff, 0x7f, 0xff, 0x7f, 0xff, 0x7f,
	  0xff, 0x7f, 0xff, 0x7f, 0xff, 0x7f, 0xff, 0x7f, 0xff, 0x7f, 0xff, 0x7f,
	  0xff, 0x7f, 0xff, 0x7f, 0xff, 0x7f, 0xff, 0x7f, 0xff, 0x7f, 0xff, 0x7f,
	  0xff, 0x7f, 0xff, 0x7f, 0xff, 0x7f, 0xff, 0x7f, 0xff, 0x7f, 0xff, 0x7f,
	  0xff, 0x7f, 0xff, 0x7f, 0xff, 0x7f, 0xff, 0x7f, 0xff, 0x7f, 0xff, 0x7f,
	  0xff, 0x7f, 0xff, 0x7f, 0xff, 0x7f, 0xff, 0x7f, 0xff, 0x7f, 0xff, 0x7f,
	  0xff, 0x7f, 0xff, 0x7f, 0xff, 0x7f, 0xff, 0x7f, 0xff, 0x7f, 0xff, 0x7f,
	  0xff, 0x7f, 0xff, 0x7f, 0xff, 0x7f, 0xff, 0x7f, 0xff, 0x7f, 0xff, 0x7f,
	  0xff, 0x7f, 0xff, 0x7f, 0xff, 0x7f, 0xff, 0x7f, 0xff, 0x7f, 0xff, 0x7f,
	  0xff, 0x7f, 0xff, 0x7f, 0xff, 0x7f, 0xff, 0x7f, 0xff, 0x7f, 0xff, 0x7f,
	  0xff, 0x7f, 0xff, 0x7f, 0xff, 0x7f, 0xff, 0x7f, 0xff, 0x7f, 0xff, 0x7f,
	  0xff, 0x7f, 0xff, 0x7f, 0xff, 0x7f, 0xff, 0x7f, 0xff, 0x7f, 0xff, 0x7f,
	  0xff, 0x7f, 0xff, 0x7f, 0xff, 0x7f, 0xff, 0x7f, 0xff, 0x7f, 0xff, 0x7f,
	  0xff, 0x7f, 0xff, 0x7f, 0xff, 0x7f, 0xff, 0x7f, 0xff, 0x7f, 0xff, 0x7f,
	  0xff, 0x7f, 0xff, 0x7f, 0xff, 0x7f, 0xff, 0x7f, 0xff, 0x7f, 0xff, 0x7f,
	  0xff, 0x7f, 0xff, 0x7f, 0xff, 0x7f, 0xff, 0x7f, 0xff, 0x7f, 0xff, 0x7f,
	  0xff, 0x7f, 0xff, 0x7f, 0xff, 0x7f, 0xff, 0x7f, 0xff, 0x7f, 0xff, 0x7f,
	  0xff, 0x7f, 0xff, 0x7f, 0xff, 0x7f, 0xff, 0x7f, 0xff, 0x7f, 0xff, 0x7f,
	  0xff, 0x7f, 0xff, 0x7f, 0xff, 0x7f, 0xff, 0x7f, 0xff, 0x7f, 0xff, 0x7f,
	  0xff, 0x7f, 0xff, 0x7f, 0xff, 0x7f, 0xff, 0x7f, 0xff, 0x7f, 0xff, 0x7f,
	  0xff, 0x7f, 0xff, 0x7f, 0xff, 0x7f, 0xff, 0x7f, 0xff, 0x7f, 0xff, 0x7f,
	  0xff, 0x7f, 0xff, 0x7f, 0xff, 0x7f, 0xff, 0x7f, 0xff, 0x7f, 0xff, 0x7f,
	  0xff, 0x7f, 0xff, 0x7f, 0xff, 0x7f, 0xff, 0x7f, 0xff, 0x7f, 0xff, 0x7f,
	  0xff, 0x7f, 0xff, 0x7f, 0xff, 0x7f, 0xff, 0x7f, 0xff, 0x7f, 0xff, 0x7f,
	  0x01, 0x00, 0x00, 0x00, 0x01, 0x80, 0x09, 0x00, 0x01, 0xf6, 0x09, 0x00,
	  0x01, 0x76, 0x09, 0x00, 0x01, 0x7c, 0x05, 0x00, 0xe1, 0x7f, 0x00, 0x00,
	  0x00, 0x00, 0x00, 0x00, 0x3b, 0x00, 0x00, 0x00, 0x7b, 0x00, 0x00, 0x00,
	  0x7e, 0x00, 0x00, 0x00, 0x9d, 0x00, 0x00, 0x00, 0x01, 0x80, 0x09, 0x00,
	  0x01, 0xf6, 0x09, 0x00, 0x01, 0x76, 0x09, 0x00, 0x01, 0x7c, 0x05, 0x00,
	  0xe1, 0x7f, 0x00, 0x00, 0x00, 0x00, 0x00, 0x00, 0x3b, 0x00, 0x00, 0x00,
	  0x7b, 0x00, 0x00, 0x00, 0x7e, 0x00, 0x00, 0x00, 0x9d, 0x00, 0x00, 0x00,
	  0x01, 0x80, 0x09, 0x00, 0x01, 0xf6, 0x09, 0x00, 0x01, 0x76, 0x09, 0x00,
	  0x01, 0x7c, 0x05, 0x00, 0xe1, 0x7f, 0x00, 0x00, 0x00, 0x00, 0x00, 0x00,
	  0x3b, 0x00, 0x00, 0x00, 0x7b, 0x00, 0x00, 0x00, 0x7e, 0x00, 0x00, 0x00,
	  0x9d, 0x00, 0x00, 0x00, 0x01, 0x80, 0x09, 0x00, 0x01, 0xf6, 0x09, 0x00,
	  0x01, 0x76, 0x09, 0x00, 0x01, 0x7c, 0x05, 0x00, 0xe1, 0x7f, 0x00, 0x00,
	  0x00, 0x00, 0x00, 0x00, 0x3b, 0x00, 0x00, 0x00, 0x7b, 0x00, 0x00, 0x00,
	  0x7e, 0x00, 0x00, 0x00, 0x9d, 0x00, 0x00, 0x00, 0x01, 0x80, 0x09, 0x00,
	  0x01, 0xf6, 0x09, 0x00, 0x01, 0x76, 0x09, 0x00, 0x01, 0x7c, 0x05, 0x00,
	  0xe1, 0x7f, 0x00, 0x00, 0x00, 0x00, 0x00, 0x00, 0x3b, 0x00, 0x00, 0x00,
	  0x7b, 0x00, 0x00, 0x00, 0x7e, 0x00, 0x00, 0x00, 0x9d, 0x00, 0x00, 0x00,
	  0x01, 0x80, 0x09, 0x00, 0x01, 0xf6, 0x09, 0x00, 0x01, 0x76, 0x09, 0x00,
	  0x01, 0x7c, 0x05, 0x00, 0xe1, 0x7f, 0x00, 0x00, 0x00, 0x00, 0x00, 0x00,
	  0x3b, 0x00, 0x00, 0x00, 0x7b, 0x00, 0x00, 0x00, 0x7e, 0x00, 0x00, 0x00,
	  0x9d, 0x00, 0x00, 0x00, 0x01, 0x80, 0x09, 0x00, 0x01, 0xf6, 0x09, 0x00,
	  0x01, 0x76, 0x09, 0x00, 0x01, 0x7c, 0x05, 0x00, 0xe1, 0x7f, 0x00, 0x00,
	  0x00, 0x00, 0x00, 0x00, 0x3b, 0x00, 0x00, 0x00, 0x7b, 0x00, 0x00, 0x00,
	  0x7e, 0x00, 0x00, 0x00, 0x9d, 0x00, 0x00, 0x00, 0x01, 0x80, 0x09, 0x00,
	  0x01, 0xf6, 0x09, 0x00, 0x01, 0x76, 0x09, 0x00, 0x01, 0x7c, 0x05, 0x00,
	  0xe1, 0x7f, 0x00, 0x00, 0x00, 0x00, 0x00, 0x00, 0x3b, 0x00, 0x00, 0x00,
	  0x7b, 0x00, 0x00, 0x00, 0x7e, 0x00, 0x00, 0x00, 0x9d, 0x00, 0x00, 0x00,
	  0xbd, 0x00, 0x00, 0x00, 0xbd, 0x00, 0x00, 0x00, 0xbd, 0x00, 0x00, 0x00,
	  0xbd, 0x00, 0x00, 0x00, 0xbd, 0x00, 0x00, 0x00, 0xbd, 0x00, 0x00, 0x00,
	  0xbd, 0x00, 0x00, 0x00, 0xbd, 0x00, 0x00, 0x00, 0x00, 0x01, 0x02, 0x03,
	  0x00, 0x01, 0x02, 0x03, 0x00, 0x01, 0x02, 0x03, 0x00, 0x01, 0x02, 0x03,
	  0x00, 0x41, 0x01, 0x00, 0x00, 0x00, 0x00, 0x00, 0x00, 0x00, 0x00, 0x00,
	  0x00, 0x00, 0x00, 0x00, 0x00, 0x00, 0x00, 0x00, 0x00, 0x00, 0x00, 0x00,
	  0x00, 0x00, 0x00, 0x00, 0x00, 0x00, 0x00, 0x00, 0x00, 0x00, 0x00, 0x00,
	  0x00, 0x00, 0x00, 0x00, 0x00, 0x00, 0x00, 0x00, 0x00, 0x00, 0x00, 0x00,
	  0x00, 0x00, 0x00, 0x00, 0x00, 0x00, 0x00, 0x00, 0x00, 0x00, 0x00, 0x00,
	  0x00, 0x00, 0x00, 0x00, 0x00, 0x00, 0x00, 0x00, 0x00, 0x00, 0x00, 0x00,
	  0x00, 0x00, 0x00, 0x00, 0x00, 0x00, 0x00, 0x00, 0x00, 0x00, 0x00, 0x00,
	  0x00, 0x00, 0x00, 0x00, 0x00, 0x00, 0x00, 0x00, 0x00, 0x00, 0x00, 0x00,
	  0x00, 0x00, 0x00, 0x00, 0x00, 0x00, 0x00, 0x00, 0x00, 0x00, 0x00, 0x00,
	  0x00, 0x00, 0x00, 0x00, 0x00, 0x00, 0x00, 0x00, 0x00, 0x00, 0x00, 0x00,
	  0x00, 0x00, 0x00, 0x00, 0x00, 0x00, 0x00, 0x00, 0x00, 0x00, 0x00, 0x00,
	  0x00, 0x00, 0x00, 0x00, 0x00, 0x00, 0x00, 0x00, 0x00, 0x00, 0x00, 0x00,
	  0x00, 0x00, 0x00, 0x00, 0x00, 0x00, 0x00, 0x00, 0x00, 0x00, 0x00, 0x00,
	  0x00, 0x00, 0x00, 0x00, 0x00, 0x00, 0x00, 0x00, 0x00, 0x00, 0x00, 0x00,
	  0x00, 0x00, 0x00, 0x00, 0x00, 0x00, 0x00, 0x00, 0x00, 0x00, 0x00, 0x00,
	  0x00, 0x00, 0x00, 0x00, 0x00, 0x00, 0x00, 0x00, 0x00, 0x00, 0x00, 0x00,
	  0x00, 0x00, 0x00, 0x00, 0x00, 0x00, 0x00, 0x00, 0x00, 0x00, 0x00, 0x00,
	  0x00, 0x00, 0x00, 0x00, 0x00, 0x00, 0x00, 0x00, 0x00, 0x00, 0x00, 0x00,
	  0x00, 0x00, 0x00, 0x00, 0x00, 0x00, 0x00, 0x00, 0x00, 0x00, 0x00, 0x00,
	  0x00, 0x00, 0x00, 0x00, 0x00, 0x00, 0x00, 0x00, 0x00, 0x00, 0x00, 0x00,
	  0x00, 0x00, 0x00, 0x00, 0x00, 0x00, 0x00, 0x00, 0x00, 0x00, 0x00, 0x00,
	  0x00, 0x00, 0x00, 0x00, 0x00, 0x00, 0x00, 0x00, 0x00, 0x00, 0x00, 0x00,
	  0x00, 0x00, 0x00, 0x00, 0x00, 0x00, 0x00, 0x00, 0x00, 0x00, 0x00, 0x00,
	  0x00, 0x00, 0x00, 0x00, 0x00, 0x00, 0x00, 0x00, 0x00, 0x00, 0x00, 0x00,
	  0x00, 0x00, 0x00, 0x00, 0x00, 0x00, 0x00, 0x00, 0x00, 0x00, 0x00, 0x00,
	  0x00, 0x00, 0x00, 0x00, 0x00, 0x00, 0x00, 0x00, 0x0a, 0x17, 0x09, 0x1a,
	  0x11, 0x13, 0x26, 0x19, 0x27, 0x16, 0x1f, 0x1d, 0x08, 0x12, 0x02, 0x0c,
	  0x20, 0x14, 0x28, 0x1e, 0x2e, 0x24, 0x10, 0x1c, 0x08, 0x12, 0x02, 0x0a,
	  0x19, 0x0b, 0x0c, 0x20, 0x14, 0x1a, 0x1f, 0x21, 0x28, 0x1e, 0x2e, 0x26,
	  0x17, 0x25, 0x24, 0x10, 0x1c, 0x16, 0x11, 0x0f, 0x0a, 0x17, 0x09, 0x1a,
	  0x11, 0x13, 0x26, 0x19, 0x27, 0x16, 0x1f, 0x1d, 0x08, 0x12, 0x02, 0x0c,
	  0x20, 0x14, 0x28, 0x1e, 0x2e, 0x24, 0x10, 0x1c, 0x08, 0x12, 0x02, 0x0a,
	  0x19, 0x0b, 0x0c, 0x20, 0x14, 0x1a, 0x1f, 0x21, 0x28, 0x1e, 0x2e, 0x26,
	  0x17, 0x25, 0x24, 0x10, 0x1c, 0x16, 0x11, 0x0f, 0x08, 0x12, 0x02, 0x0a,
	  0x19, 0x0b, 0x0c, 0x20, 0x14, 0x1a, 0x1f, 0x21, 0x28, 0x1e, 0x2e, 0x26,
	  0x17, 0x25, 0x24, 0x10, 0x1c, 0x16, 0x11, 0x0f, 0x0a, 0x17, 0x09, 0x1a,
	  0x11, 0x13, 0x26, 0x19, 0x27, 0x16, 0x1f, 0x1d, 0x08, 0x12, 0x02, 0x0c,
	  0x20, 0x14, 0x28, 0x1e, 0x2e, 0x24, 0x10, 0x1c, 0x08, 0x12, 0x02, 0x0a,
	  0x19, 0x0b, 0x0c, 0x20, 0x14, 0x1a, 0x1f, 0x21, 0x28, 0x1e, 0x2e, 0x26,
	  0x17, 0x25, 0x24, 0x10, 0x1c, 0x16, 0x11, 0x0f, 0x0a, 0x17, 0x09, 0x1a,
	  0x11, 0x13, 0x26, 0x19, 0x27, 0x16, 0x1f, 0x1d, 0x08, 0x12, 0x02, 0x0c,
	  0x20, 0x14, 0x28, 0x1e, 0x2e, 0x24, 0x10, 0x1c, 0x0a, 0x17, 0x09, 0x1a,
	  0x11, 0x13, 0x26, 0x19, 0x27, 0x16, 0x1f, 0x1d, 0x08, 0x12, 0x02, 0x0c,
	  0x20, 0x14, 0x28, 0x1e, 0x2e, 0x24, 0x10, 0x1c, 0x08, 0x12, 0x02, 0x0a,
	  0x19, 0x0b, 0x0c, 0x20, 0x14, 0x1a, 0x1f, 0x21, 0x28, 0x1e, 0x2e, 0x26,
	  0x17, 0x25, 0x24, 0x10, 0x1c, 0x16, 0x11, 0x0f, 0x0a, 0x17, 0x09, 0x1a,
	  0x11, 0x13, 0x26, 0x19, 0x27, 0x16, 0x1f, 0x1d, 0x08, 0x12, 0x02, 0x0c,
	  0x20, 0x14, 0x28, 0x1e, 0x2e, 0x24, 0x10, 0x1c, 0x08, 0x12, 0x02, 0x0a,
	  0x19, 0x0b, 0x0c, 0x20, 0x14, 0x1a, 0x1f, 0x21, 0x28, 0x1e, 0x2e, 0x26,
	  0x17, 0x25, 0x24, 0x10, 0x1c, 0x16, 0x11, 0x0f, 0x08, 0x12, 0x02, 0x0a,
	  0x19, 0x0b, 0x0c, 0x20, 0x14, 0x1a, 0x1f, 0x21, 0x28, 0x1e, 0x2e, 0x26,
	  0x17, 0x25, 0x24, 0x10, 0x1c, 0x16, 0x11, 0x0f, 0x0a, 0x17, 0x09, 0x1a,
	  0x11, 0x13, 0x26, 0x19, 0x27, 0x16, 0x1f, 0x1d, 0x08, 0x12, 0x02, 0x0c,
	  0x20, 0x14, 0x28, 0x1e, 0x2e, 0x24, 0x10, 0x1c, 0x08, 0x12, 0x02, 0x0a,
	  0x19, 0x0b, 0x0c, 0x20, 0x14, 0x1a, 0x1f, 0x21, 0x28, 0x1e, 0x2e, 0x26,
	  0x17, 0x25, 0x24, 0x10, 0x1c, 0x16, 0x11, 0x0f, 0x0a, 0x17, 0x09, 0x1a,
	  0x11, 0x13, 0x26, 0x19, 0x27, 0x16, 0x1f, 0x1d, 0x08, 0x12, 0x02, 0x0c,
	  0x20, 0x14, 0x28, 0x1e, 0x2e, 0x24, 0x10, 0x1c, 0x10, 0x00, 0x00, 0x00,
	  0x10, 0x00, 0x00, 0x00, 0x10, 0x00, 0x00, 0x00, 0x10, 0x00, 0x00, 0x00,
	  0x10, 0x00, 0x00, 0x00, 0x10, 0x00, 0x00, 0x00, 0x10, 0x00, 0x00, 0x00,
	  0x10, 0x00, 0x00, 0x00, 0x10, 0x00, 0x00, 0x00, 0x10, 0x00, 0x00, 0x00,
	  0x10, 0x00, 0x00, 0x00, 0x10, 0x00, 0x00, 0x00, 0x10, 0x00, 0x00, 0x00,
	  0x10, 0x00, 0x00, 0x00, 0x10, 0x00, 0x00, 0x00, 0x10, 0x00, 0x00, 0x00,
	  0x11, 0x0f, 0x13, 0x00, 0x11, 0x09, 0x0b, 0x00, 0x11, 0x0f, 0x13, 0x00,
	  0x11, 0x09, 0x0b, 0x00, 0x1f, 0x25, 0x27, 0x00, 0x1f, 0x1d, 0x21, 0x00,
	  0x1f, 0x25, 0x27, 0x00, 0x1f, 0x1d, 0x21, 0x00, 0x11, 0x0f, 0x13, 0x00,
	  0x11, 0x09, 0x0b, 0x00, 0x11, 0x0f, 0x13, 0x00, 0x11, 0x09, 0x0b, 0x00,
	  0x1f, 0x25, 0x27, 0x00, 0x1f, 0x1d, 0x21, 0x00, 0x1f, 0x25, 0x27, 0x00,
	  0x1f, 0x1d, 0x21, 0x00, 0x06, 0x10, 0x27, 0x3f, 0x66, 0xe6, 0x00, 0x00,
	  0x00, 0x00, 0x00, 0x00, 0x00, 0x01, 0x00, 0x00, 0x00, 0x00, 0x00, 0x00,
	  0x0f, 0x10, 0x1d, 0x3f, 0x00, 0x80, 0xb1, 0xfe, 0x00, 0x00, 0x00, 0x00,
	  0x00, 0x01, 0x11, 0x00, 0x00, 0x00, 0x00, 0x00, 0x00, 0x02, 0x04, 0x06,
	  0x09, 0x0e, 0x1f, 0x3f, 0x80, 0xf8, 0x80, 0xfd, 0x80, 0xfe, 0x55, 0xff,
	  0x99, 0xff, 0xe1, 0xff, 0xf8, 0xff, 0x00, 0x00, 0x22, 0x00, 0x13, 0x00,
	  0x0e, 0x00, 0x0b, 0x00, 0x09, 0x00, 0x07, 0x00, 0x05, 0x00, 0x00, 0x00,
	  0x00, 0x02, 0x04, 0x06, 0x09, 0x0e, 0x1f, 0x3f, 0x80, 0xf8, 0x80, 0xfd,
	  0x80, 0xfe, 0x55, 0xff, 0x99, 0xff, 0xe1, 0xff, 0xf8, 0xff, 0x00, 0x00,
	  0x22, 0x00, 0x13, 0x00, 0x0e, 0x00, 0x0b, 0x00, 0x09, 0x00, 0x07, 0x00,
	  0x05, 0x00, 0x00, 0x00, 0x00, 0x04, 0x08, 0x0d, 0x11, 0x15, 0x3d, 0x7f,
	  0x42, 0x04, 0xeb, 0x01, 0x79, 0x01, 0x3e, 0x01, 0x18, 0x01, 0x03, 0x01,
	  0x00, 0x00, 0x00, 0x00, 0xe0, 0x00, 0x50, 0x03, 0x51, 0x04, 0x17, 0x05,
	  0xbd, 0x05, 0x50, 0x06, 0x60, 0x0b, 0x00, 0x00, 0x00, 0x03, 0x06, 0x08,
	  0x0b, 0x0e, 0x3d, 0x7f, 0xcb, 0x04, 0x33, 0x02, 0xb1, 0x01, 0x6d, 0x01,
	  0x42, 0x01, 0xf8, 0x00, 0x00, 0x00, 0x00, 0x00, 0x5e, 0x00, 0x3b, 0x02,
	  0xff, 0x02, 0x95, 0x03, 0x14, 0x04, 0x84, 0x04, 0x38, 0x0a, 0x00, 0x00,
	  0x00, 0x03, 0x06, 0x0a, 0x0d, 0x10, 0x4c, 0x7f, 0x5f, 0x04, 0xfe, 0x01,
	  0x88, 0x01, 0x4b, 0x01, 0x23, 0x01, 0xc0, 0x00, 0x00, 0x00, 0x00, 0x00,
	  0x7a, 0x01, 0x69, 0x03, 0x34, 0x04, 0xd0, 0x04, 0x54, 0x05, 0xc8, 0x05,
	  0x6c, 0x0b, 0x00, 0x00, 0x00, 0x02, 0x04, 0x06, 0x08, 0x0a, 0x78, 0x7f,
	  0xf9, 0x00, 0x74, 0x00, 0x59, 0x00, 0x4b, 0x00, 0x6f, 0x00, 0xfe, 0x00,
	  0x00, 0x00, 0x00, 0x00, 0x23, 0x00, 0x6a, 0x00, 0x87, 0x00, 0x9d, 0x00,
	  0xb0, 0x00, 0xcc, 0x00, 0x6d, 0x0e, 0x00, 0x00, 0x00, 0x40, 0x7e, 0x7f,
	  0x20, 0x00, 0x00, 0x00, 0x00, 0x00, 0x00, 0x00, 0x00, 0x00, 0x00, 0x01,
	  0x00, 0x01, 0x00, 0x00, 0x83, 0x80, 0x00, 0x00, 0x32, 0x00, 0x00, 0x00,
	  0x7c, 0x00, 0xc4, 0x00, 0x7c, 0x00, 0xc4, 0x00, 0x00, 0x01, 0x7c, 0x00,
	  0x00, 0x01, 0x7c, 0x00, 0x7c, 0x00, 0xc4, 0x00, 0x7c, 0x00, 0xc4, 0x00,
	  0x00, 0x01, 0x7c, 0x00, 0x00, 0x01, 0x7c, 0x00, 0x11, 0x02, 0x4f, 0x01,
	  0x11, 0x02, 0x4f, 0x01, 0x00, 0x01, 0x11, 0x02, 0x00, 0x01, 0x11, 0x02,
	  0x11, 0x02, 0x4f, 0x01, 0x11, 0x02, 0x4f, 0x01, 0x00, 0x01, 0x11, 0x02,
	  0x00, 0x01, 0x11, 0x02, 0x00, 0x00, 0x00, 0x00, 0x00, 0x00, 0x00, 0x00,
	  0x42, 0x00, 0x51, 0x00, 0x1a, 0x00, 0x00, 0x00, 0x52, 0x00, 0xc0, 0x00,
	  0x04, 0x00, 0x00, 0x00, 0x00, 0x00, 0x00, 0x00, 0x00, 0x00, 0x00, 0x00,
	  0x00, 0x00, 0x00, 0x00, 0x00, 0x00, 0x00, 0x00, 0x00, 0x3c, 0x7e, 0x7f,
	  0x05, 0x00, 0x02, 0x00, 0x00, 0x00, 0x00, 0x00, 0x64, 0x00, 0x8d, 0x00,
	  0xa0, 0x00, 0x00, 0x00, 0x01, 0x01, 0x01, 0x01, 0x01, 0x01, 0x01, 0x01,
	  0x01, 0x01, 0x01, 0x01, 0x01, 0x01, 0x01, 0x01, 0x00, 0x00, 0x01, 0x00,
	  0x01, 0x00, 0x01, 0x00, 0x00, 0x01, 0x00, 0x01, 0x01, 0x00, 0x01, 0x00,
	  0x00, 0x01, 0x00, 0x01, 0xf6, 0x07, 0x00, 0x00, 0x00, 0x00, 0x00, 0x00,
	  0x00, 0x01, 0x3e, 0x3f, 0x00, 0x00, 0x00, 0x00, 0x00, 0x00, 0x00, 0x00,
	  0x00, 0x00, 0xff, 0x03, 0x00, 0x00, 0x00, 0x00, 0x01, 0x3f, 0x40, 0x7f,
	  0x00, 0x00, 0x00, 0x00, 0x00, 0x01, 0x00, 0x00, 0x03, 0x00, 0x00, 0x00,
	  0x00, 0x00, 0x00, 0x00, 0x00, 0x00, 0x00, 0x00, 0x00, 0x00, 0x00, 0x00,
	  0x00, 0x00, 0x00, 0x00, 0x00, 0x00, 0x00, 0x00, 0x00, 0x00, 0x00, 0x00,
	  0x00, 0x00, 0x00, 0x00, 0x00, 0x00, 0x00, 0x00, 0x00, 0x00, 0x00, 0x00,
	  0x00, 0x00, 0x00, 0x00, 0x00, 0x00, 0x00, 0x00, 0x00, 0x00, 0x00, 0x00,
	  0x00, 0x00, 0x00, 0x00, 0x00, 0x00, 0x00, 0x00, 0x00, 0x00, 0x00, 0x00,
	  0x00, 0x00, 0x00, 0x00, 0x00, 0x00, 0x00, 0x00, 0x00, 0x00, 0x00, 0x00,
	  0x00, 0x00, 0x00, 0x00, 0x00, 0x00, 0x00, 0x00, 0x00, 0x00, 0x00, 0x00,
	  0x00, 0x00, 0x00, 0x00, 0x00, 0x00, 0x00, 0x00, 0x00, 0x00, 0x00, 0x00,
	  0x00, 0x00, 0x00, 0x00, 0x00, 0x00, 0x00, 0x00, 0x00, 0x00, 0x00, 0x00,
	  0x00, 0x00, 0x00, 0x00, 0x00, 0x00, 0x00, 0x00, 0x00, 0x00, 0x00, 0x00,
	  0x00, 0x00, 0x00, 0x00, 0x00, 0x00, 0x00, 0x00, 0x00, 0x00, 0x00, 0x00,
	  0x00, 0x00, 0x00, 0x00, 0x00, 0x00, 0x00, 0x00, 0x00, 0x00, 0x00, 0x00,
	  0x00, 0x00, 0x00, 0x00, 0x00, 0x00, 0x00, 0x00, 0x00, 0x00, 0x00, 0x00,
	  0x00, 0x00, 0x00, 0x00, 0x00, 0x00, 0x00, 0x00, 0x00, 0x00, 0x00, 0x00,
	  0x00, 0x00, 0x00, 0x00, 0x00, 0x00, 0x00, 0x00, 0x00, 0x00, 0x00, 0x00,
	  0x00, 0x00, 0x00, 0x00, 0x00, 0x00, 0x00, 0x00, 0x00, 0x00, 0x00, 0x00,
	  0x00, 0x00, 0x00, 0x00, 0x00, 0x00, 0x00, 0x00, 0x00, 0x00, 0x00, 0x00,
	  0x00, 0x00, 0x00, 0x00, 0x00, 0x00, 0x00, 0x00, 0x00, 0x00, 0x00, 0x00,
	  0x00, 0x00, 0x00, 0x00, 0x00, 0x00, 0x00, 0x00, 0x00, 0x00, 0x00, 0x00,
	  0x00, 0x00, 0x00, 0x00, 0x00, 0x00, 0x00, 0x00, 0x00, 0x00, 0x00, 0x00,
	  0x00, 0x00, 0x00, 0x00, 0x00, 0x00, 0x00, 0x00, 0x00, 0x00, 0x00, 0x00,
	  0x00, 0x00, 0x00, 0x00, 0x00, 0x00, 0x00, 0x00, 0x00, 0x00, 0x00, 0x00,
	  0x00, 0x00, 0x00, 0x00, 0x00, 0x00, 0x00, 0x00, 0x00, 0x00, 0x00, 0x00,
	  0x00, 0x00, 0x00, 0x00, 0x00, 0x00, 0x00, 0x00, 0x00, 0x00, 0x00, 0x00,
	  0x00, 0x00, 0x00, 0x00, 0x00, 0x00, 0x00, 0x00, 0x00, 0x00, 0x00, 0x00,
	  0x00, 0x00, 0x00, 0x00, 0x00, 0x00, 0x00, 0x00, 0x00, 0x00, 0x00, 0x00,
	  0x00, 0x00, 0x00, 0x00, 0x00, 0x00, 0x00, 0x00, 0x00, 0x00, 0x00, 0x00,
	  0x00, 0x00, 0x00, 0x00, 0x00, 0x00, 0x00, 0x00, 0x00, 0x00, 0x00, 0x00,
	  0x00, 0x00, 0x00, 0x00, 0x00, 0x00, 0x00, 0x00, 0x00, 0x00, 0x00, 0x00,
	  0x00, 0x00, 0x00, 0x00, 0x00, 0x00, 0x00, 0x00, 0x00, 0x00, 0x00, 0x00,
	  0x00, 0x00, 0x00, 0x00, 0x00, 0x00, 0x00, 0x00, 0x00, 0x00, 0x00, 0x00,
	  0x00, 0x00, 0x00, 0x00, 0x00, 0x00, 0x00, 0x00, 0x00, 0x00, 0x00, 0x00,
	  0x00, 0x00, 0x00, 0x00, 0x00, 0x00, 0x00, 0x00, 0x00, 0x00, 0x00, 0x00,
	  0x00, 0x00, 0x00, 0x00, 0x00, 0x00, 0x00, 0x00, 0x00, 0x00, 0x00, 0x00,
	  0x00, 0x00, 0x00, 0x00, 0x00, 0x00, 0x00, 0x00, 0x00, 0x00, 0x00, 0x00,
	  0x00, 0x00, 0x00, 0x00, 0x00, 0x00, 0x00, 0x00, 0x00, 0x00, 0x00, 0x00,
	  0x01, 0x01, 0x01, 0x00, 0x06, 0x05, 0x03, 0x00, 0x08, 0x08, 0x08, 0x08,
	  0x08, 0x08, 0x08, 0x08, 0x00, 0x01, 0x00, 0x01, 0x02, 0x03, 0x02, 0x03,
	  0x00, 0x01, 0x00, 0x01, 0x02, 0x03, 0x02, 0x03, 0x00, 0x7d, 0x00, 0x7d,
	  0x00, 0x7d, 0x00, 0x7d, 0x00, 0x7d, 0x00, 0x7d, 0x00, 0x7d, 0x00, 0x7d,
	  0x00, 0x00, 0x00, 0x00, 0x00, 0x00, 0x00, 0x00, 0x01, 0x00, 0x00, 0x00,
	  0x00, 0x01, 0x94, 0x01, 0x11, 0x02, 0x00, 0x01, 0x00, 0x01, 0x94, 0x01,
	  0x11, 0x02, 0x00, 0x01, 0xd9, 0x03, 0xe4, 0x00, 0xed, 0x03, 0xd9, 0x03,
	  0x68, 0x00, 0xdb, 0x03, 0xd4, 0x03, 0x68, 0x00, 0xd8, 0x03, 0xf7, 0x03,
	  0xd3, 0x00, 0xd8, 0x03, 0x20, 0x00, 0x24, 0x00, 0x1a, 0x00, 0x20, 0x00,
	  0x00, 0x01, 0x00, 0x01, 0x02, 0x03, 0x02, 0x03, 0x00, 0x01, 0x00, 0x01,
	  0x02, 0x03, 0x02, 0x03, 0x01, 0x00, 0x01, 0x00, 0x05, 0x07, 0x00, 0x00,
	  0x00, 0x02, 0x00, 0x02, 0x01, 0x03, 0x01, 0x03, 0x00, 0x02, 0x00, 0x02,
	  0x01, 0x03, 0x01, 0x03, 0x07, 0x07, 0x07, 0x07, 0x07, 0x07, 0x07, 0x07,
	  0x01, 0x00, 0x01, 0x00, 0x07, 0x07, 0x01, 0x00, 0x08, 0x08, 0x08, 0x08,
	  0x08, 0x08, 0x08, 0x08, 0x08, 0x08, 0x08, 0x08, 0x08, 0x08, 0x08, 0x08,
	  0x21, 0x00, 0x21, 0x00, 0x01, 0x00, 0x00, 0x00, 0x05, 0x05, 0x05, 0x05,
	  0x05, 0x05, 0x05, 0x05, 0x07, 0x07, 0x04, 0x04, 0x00, 0x00, 0x00, 0x00,
	  0x09, 0x09, 0x09, 0x09, 0x0c, 0x13, 0x1a, 0x21, 0x25, 0xfe, 0x00, 0x00,
	  0xff, 0x03, 0x00, 0x00, 0x06, 0x01, 0x0f, 0x23, 0x33, 0xc0, 0x00, 0x00,
	  0xfe, 0x01, 0x00, 0x00, 0x0c, 0x13, 0x1a, 0x21, 0x25, 0xfe, 0x00, 0x00,
	  0xff, 0x03, 0x00, 0x00, 0x06, 0x01, 0x0f, 0x23, 0x33, 0xc0, 0x00, 0x00,
	  0xfe, 0x01, 0x00, 0x00, 0x00, 0x00, 0x00, 0x00, 0x00, 0x00, 0x00, 0x00,
	  0x00, 0x00, 0x00, 0x00, 0x00, 0x00, 0x00, 0x00, 0x00, 0x00, 0x00, 0x00,
	  0x00, 0x00, 0x00, 0x00, 0x00, 0x00, 0x00, 0x00, 0x00, 0x00, 0x00, 0x00,
	  0x00, 0x00, 0x00, 0x00, 0x00, 0x00, 0x00, 0x00, 0x00, 0x00, 0x00, 0x00,
	  0x00, 0x00, 0x00, 0x00, 0x00, 0x00, 0x00, 0x00, 0x00, 0x00, 0x00, 0x00,
	  0x00, 0x00, 0x00, 0x00, 0x00, 0x00, 0x00, 0x00, 0x00, 0x00, 0x00, 0x00,
	  0x00, 0x00, 0x00, 0x00, 0x00, 0x00, 0x00, 0x00, 0x00, 0x00, 0x00, 0x00,
	  0x00, 0x00, 0x00, 0x00, 0x00, 0x00, 0x00, 0x00, 0x00, 0x00, 0x00, 0x00,
	  0x00, 0x00, 0x00, 0x00, 0x00, 0x00, 0x00, 0x00, 0x00, 0x00, 0x00, 0x00,
	  0x00, 0x00, 0x00, 0x00, 0x00, 0x00, 0x00, 0x00, 0x00, 0x00, 0x00, 0x00,
	  0x00, 0x00, 0x00, 0x00, 0x00, 0x00, 0x00, 0x00, 0x00, 0x00, 0x00, 0x00,
	  0x00, 0x00, 0x00, 0x00, 0x00, 0x00, 0x00, 0x00, 0x00, 0x00, 0x00, 0x00,
	  0x00, 0x00, 0x00, 0x00, 0x00, 0x00, 0x00, 0x00, 0x00, 0x00, 0x00, 0x00,
	  0x00, 0x00, 0x00, 0x00, 0x00, 0x00, 0x00, 0x00, 0x00, 0x00, 0x00, 0x00,
	  0x00, 0x00, 0x00, 0x00, 0x00, 0x00, 0x00, 0x00, 0x00, 0x00, 0x00, 0x00,
	  0x00, 0x00, 0x00, 0x00, 0x00, 0x00, 0x00, 0x00, 0x00, 0x00, 0x00, 0x00,
	  0x00, 0x00, 0x00, 0x00, 0x00, 0x00, 0x00, 0x00, 0x00, 0x00, 0x00, 0x00,
	  0x00, 0x00, 0x00, 0x00, 0x00, 0x00, 0x00, 0x00, 0x00, 0x00, 0x00, 0x00,
	  0x00, 0x00, 0x00, 0x00, 0x00, 0x00, 0x00, 0x00, 0x00, 0x00, 0x00, 0x00,
	  0x00, 0x00, 0x00, 0x00, 0x00, 0x00, 0x00, 0x00, 0x00, 0x00, 0x00, 0x00,
	  0x00, 0x00, 0x00, 0x00, 0x00, 0x00, 0x00, 0x00, 0x00, 0x00, 0x00, 0x00,
	  0x00, 0x00, 0x00, 0x00, 0x00, 0x00, 0x00, 0x00, 0x00, 0x00, 0x00, 0x00,
	  0x00, 0x00, 0x00, 0x00, 0x00, 0x00, 0x00, 0x00, 0x00, 0x00, 0x00, 0x00,
	  0x00, 0x00, 0x00, 0x00, 0x00, 0x00, 0x00, 0x00, 0x00, 0x00, 0x00, 0x00,
	  0x00, 0x00, 0x00, 0x00, 0x00, 0x00, 0x00, 0x00, 0x00, 0x00, 0x00, 0x00,
	  0x00, 0x00, 0x00, 0x00, 0x00, 0x00, 0x00, 0x00, 0x00, 0x00, 0x00, 0x00,
	  0x00, 0x00, 0x00, 0x00, 0x00, 0x00, 0x00, 0x00, 0x00, 0x00, 0x00, 0x00,
	  0x00, 0x00, 0x00, 0x00, 0x00, 0x00, 0x00, 0x00, 0x00, 0x00, 0x00, 0x00,
	  0x00, 0x00, 0x00, 0x00, 0x00, 0x00, 0x00, 0x00, 0x00, 0x00, 0x00, 0x00,
	  0x00, 0x00, 0x00, 0x00, 0x00, 0x00, 0x00, 0x00, 0x00, 0x00, 0x00, 0x00,
	  0x00, 0x00, 0x00, 0x00, 0x00, 0x00, 0x00, 0x00, 0x00, 0x00, 0x00, 0x00,
	  0x00, 0x00, 0x00, 0x00, 0x00, 0x00, 0x00, 0x00, 0x00, 0x00, 0x00, 0x00,
	  0x00, 0x00, 0x00, 0x00, 0x00, 0x00, 0x00, 0x00, 0x00, 0x00, 0x00, 0x00,
	  0x00, 0x00, 0x00, 0x00, 0x00, 0x00, 0x00, 0x00, 0x00, 0x00, 0x00, 0x00,
	  0x00, 0x00, 0x00, 0x00, 0x00, 0x00, 0x00, 0x00, 0x00, 0x00, 0x00, 0x00,
	  0x00, 0x00, 0x00, 0x00, 0x00, 0x00, 0x00, 0x00, 0x00, 0x00, 0x00, 0x00,
	  0x00, 0x00, 0x00, 0x00, 0x00, 0x00, 0x00, 0x00, 0x00, 0x00, 0x00, 0x00,
	  0x00, 0x00, 0x00, 0x00, 0x00, 0x00, 0x00, 0x00, 0x00, 0x00, 0x00, 0x00,
	  0x00, 0x00, 0x00, 0x00, 0x00, 0x00, 0x00, 0x00, 0x00, 0x00, 0x00, 0x00,
	  0x00, 0x00, 0x00, 0x00, 0x00, 0x00, 0x00, 0x00, 0x00, 0x00, 0x00, 0x00,
	  0x00, 0x00, 0x00, 0x00, 0x00, 0x00, 0x00, 0x00, 0x00, 0x00, 0x00, 0x00,
	  0x00, 0x00, 0x00, 0x00, 0x00, 0x00, 0x00, 0x00, 0x00, 0x00, 0x00, 0x00,
	  0x00, 0x00, 0x00, 0x00, 0x00, 0x00, 0x00, 0x00, 0x00, 0x00, 0x00, 0x00,
	  0x00, 0x00, 0x00, 0x00, 0x00, 0x00, 0x00, 0x00, 0x00, 0x00, 0x00, 0x00,
	  0x00, 0x00, 0x00, 0x00, 0x00, 0x00, 0x00, 0x00, 0x00, 0x00, 0x00, 0x00,
	  0x00, 0x00, 0x00, 0x00, 0x00, 0x00, 0x00, 0x00, 0x00, 0x00, 0x00, 0x00,
	  0x00, 0x00, 0x00, 0x00, 0x00, 0x00, 0x00, 0x00, 0x00, 0x00, 0x00, 0x00,
	  0x00, 0x00, 0x00, 0x00, 0x00, 0x00, 0x00, 0x00, 0x00, 0x00, 0x00, 0x00,
	  0x00, 0x00, 0x00, 0x00, 0x00, 0x00, 0x00, 0x00, 0x00, 0x00, 0x00, 0x00,
	  0x00, 0x00, 0x00, 0x00, 0x00, 0x00, 0x00, 0x00, 0x00, 0x00, 0x00, 0x00,
	  0x00, 0x00, 0x00, 0x00, 0x00, 0x00, 0x00, 0x00, 0x00, 0x00, 0x00, 0x00,
	  0x00, 0x00, 0x00, 0x00, 0x00, 0x00, 0x00, 0x00, 0x00, 0x00, 0x00, 0x00,
	  0x00, 0x00, 0x00, 0x00, 0x00, 0x00, 0x00, 0x00, 0x00, 0x00, 0x00, 0x00,
	  0x00, 0x00, 0x00, 0x00, 0x00, 0x00, 0x00, 0x00, 0x00, 0x00, 0x00, 0x00,
	  0x00, 0x00, 0x00, 0x00, 0x00, 0x00, 0x00, 0x00, 0x00, 0x00, 0x00, 0x00,
	  0x00, 0x00, 0x00, 0x00, 0x00, 0x00, 0x00, 0x00, 0x00, 0x00, 0x00, 0x00,
	  0x00, 0x00, 0x00, 0x00, 0x00, 0x00, 0x00, 0x00, 0x00, 0x00, 0x00, 0x00,
	  0x00, 0x00, 0x00, 0x00, 0x00, 0x00, 0x00, 0x00, 0x00, 0x00, 0x00, 0x00,
	  0x00, 0x00, 0x00, 0x00, 0x00, 0x00, 0x00, 0x00, 0x00, 0x00, 0x00, 0x00,
	  0x00, 0x00, 0x00, 0x00, 0x00, 0x00, 0x00, 0x00, 0x00, 0x00, 0x00, 0x00,
	  0x00, 0x00, 0x00, 0x00, 0x00, 0x00, 0x00, 0x00, 0x00, 0x00, 0x00, 0x00,
	  0x00, 0x00, 0x00, 0x00, 0x00, 0x00, 0x00, 0x00, 0x00, 0x00, 0x00, 0x00,
	  0x00, 0x00, 0x00, 0x00, 0x00, 0x00, 0x00, 0x00, 0x00, 0x00, 0x00, 0x00,
	  0x00, 0x00, 0x00, 0x00, 0x00, 0x00, 0x00, 0x00, 0x00, 0x00, 0x00, 0x00,
	  0x00, 0x00, 0x00, 0x00, 0x00, 0x00, 0x00, 0x00, 0x00, 0x00, 0x00, 0x00,
	  0x00, 0x00, 0x00, 0x00, 0x00, 0x00, 0x00, 0x00, 0x00, 0x00, 0x00, 0x00,
	  0x00, 0x00, 0x00, 0x00, 0x00, 0x00, 0x00, 0x00, 0x00, 0x00, 0x00, 0x00,
	  0x00, 0x00, 0x00, 0x00, 0x00, 0x00, 0x00, 0x00, 0x00, 0x00, 0x00, 0x00,
	  0x00, 0x00, 0x00, 0x00, 0x00, 0x00, 0x00, 0x00, 0x00, 0x00, 0x00, 0x00,
	  0x00, 0x00, 0x00, 0x00, 0x00, 0x00, 0x00, 0x00, 0x00, 0x00, 0x00, 0x00,
	  0x00, 0x00, 0x00, 0x00, 0x00, 0x00, 0x00, 0x00, 0x00, 0x00, 0x00, 0x00,
	  0x00, 0x00, 0x00, 0x00, 0x00, 0x00, 0x00, 0x00, 0x00, 0x00, 0x00, 0x00,
	  0x00, 0x00, 0x00, 0x00, 0x00, 0x00, 0x00, 0x00, 0x00, 0x00, 0x00, 0x00,
	  0x00, 0x00, 0x00, 0x00, 0x00, 0x00, 0x00, 0x00, 0x00, 0x00, 0x00, 0x00,
	  0x00, 0x00, 0x00, 0x00, 0x00, 0x00, 0x00, 0x00, 0x00, 0x00, 0x00, 0x00,
	  0x00, 0x00, 0x00, 0x00, 0x00, 0x00, 0x00, 0x00, 0x00, 0x00, 0x00, 0x00,
	  0x00, 0x00, 0x00, 0x00, 0x00, 0x00, 0x00, 0x00, 0x00, 0x00, 0x00, 0x00,
	  0x00, 0x00, 0x00, 0x00, 0x00, 0x00, 0x00, 0x00, 0x00, 0x00, 0x00, 0x00,
	  0x00, 0x00, 0x00, 0x00, 0x00, 0x00, 0x00, 0x00, 0x00, 0x00, 0x00, 0x00,
	  0x00, 0x00, 0x00, 0x00, 0x00, 0x00, 0x00, 0x00, 0x00, 0x00, 0x00, 0x00,
	  0x00, 0x00, 0x00, 0x00, 0x00, 0x00, 0x00, 0x00, 0x00, 0x00, 0x00, 0x00,
	  0x00, 0x00, 0x00, 0x00, 0x00, 0x00, 0x00, 0x00, 0x00, 0x00, 0x00, 0x00,
	  0x00, 0x00, 0x00, 0x00, 0x00, 0x00, 0x00, 0x00, 0x00, 0x00, 0x00, 0x00,
	  0x00, 0x00, 0x00, 0x00, 0x00, 0x00, 0x00, 0x00, 0x00, 0x00, 0x00, 0x00,
	  0x00, 0x00, 0x00, 0x00, 0x00, 0x00, 0x00, 0x00, 0x00, 0x00, 0x00, 0x00,
	  0x00, 0x00, 0x00, 0x00, 0x00, 0x00, 0x00, 0x00, 0x00, 0x00, 0x00, 0x00,
	  0x00, 0x00, 0x00, 0x00, 0x00, 0x00, 0x00, 0x00, 0x00, 0x00, 0x00, 0x00,
	  0x00, 0x00, 0x00, 0x00, 0x00, 0x00, 0x00, 0x00, 0x00, 0x00, 0x00, 0x00,
	  0x00, 0x00, 0x00, 0x00, 0x00, 0x00, 0x00, 0x00, 0x00, 0x00, 0x00, 0x00,
	  0x00, 0x00, 0x00, 0x00, 0x00, 0x00, 0x00, 0x00, 0x00, 0x00, 0x00, 0x00,
	  0x00, 0x00, 0x00, 0x00, 0x00, 0x00, 0x00, 0x00, 0x00, 0x00, 0x00, 0x00,
	  0x00, 0x00, 0x00, 0x00, 0x00, 0x00, 0x00, 0x00, 0x00, 0x00, 0x00, 0x00,
	  0x00, 0x00, 0x00, 0x00, 0x00, 0x00, 0x00, 0x00, 0x00, 0x00, 0x00, 0x00,
	  0x00, 0x00, 0x00, 0x00, 0x00, 0x00, 0x00, 0x00, 0x00, 0x00, 0x00, 0x00,
	  0x00, 0x00, 0x00, 0x00, 0x00, 0x00, 0x00, 0x00, 0x00, 0x00, 0x00, 0x00,
	  0x00, 0x00, 0x00, 0x00, 0x00, 0x00, 0x00, 0x00, 0x00, 0x00, 0x00, 0x00,
	  0x00, 0x00, 0x00, 0x00, 0x00, 0x00, 0x00, 0x00, 0x00, 0x00, 0x00, 0x00,
	  0x00, 0x00, 0x00, 0x00, 0x00, 0x00, 0x00, 0x00, 0x00, 0x00, 0x00, 0x00,
	  0x00, 0x00, 0x00, 0x00, 0x00, 0x00, 0x00, 0x00, 0x00, 0x00, 0x00, 0x00,
	  0x00, 0x00, 0x00, 0x00, 0x00, 0x00, 0x00, 0x00, 0x00, 0x00, 0x00, 0x00,
	  0x00, 0x00, 0x00, 0x00, 0x00, 0x00, 0x00, 0x00, 0x00, 0x00, 0x00, 0x00,
	  0x00, 0x00, 0x00, 0x00, 0x00, 0x00, 0x00, 0x00, 0x00, 0x00, 0x00, 0x00,
	  0x00, 0x00, 0x00, 0x00, 0x00, 0x00, 0x00, 0x00, 0x00, 0x00, 0x00, 0x00,
	  0x00, 0x00, 0x00, 0x00, 0x00, 0x10, 0x00, 0x00, 0x00, 0x10, 0x00, 0x00,
	  0x00, 0x00, 0x00, 0x00, 0x12, 0x21, 0x00, 0x00, 0x47, 0x19, 0x00, 0x00,
	  0x00, 0x00, 0x00, 0x00, 0x00, 0x00, 0x00, 0x00, 0x00, 0x00, 0x00, 0x00,
	  0x01, 0x00, 0x00, 0x00, 0x40, 0x40, 0x13, 0x13, 0x40, 0x40, 0x13, 0x13,
	  0x01, 0x00, 0x00, 0x00, 0x00, 0x00, 0x00, 0x00, 0x00, 0x00, 0x00, 0x00,
	  0x00, 0x00, 0x00, 0x00, 0x00, 0x00, 0x00, 0x00, 0x00, 0x00, 0x00, 0x00,
	  0x00, 0x00, 0x00, 0x00, 0x00, 0x00, 0x00, 0x00, 0x00, 0x00, 0x00, 0x00,
	  0x00, 0x00, 0x00, 0x00, 0x00, 0x01, 0x00, 0x00, 0x0c, 0x0d, 0x1a, 0x1b,
	  0x00, 0x00, 0x40, 0x00, 0x00, 0x00, 0x3b, 0x01, 0x00, 0x00, 0x00, 0x00,
	  0x00, 0x01, 0x02, 0x03, 0x40, 0x40, 0x40, 0x00, 0x00, 0x00, 0x00, 0x00,
	  0x00, 0x00, 0x00, 0x00, 0x00, 0x00, 0x00, 0x00, 0x01, 0x00, 0x00, 0x00,
	  0x02, 0x00, 0x00, 0x00, 0x03, 0x00, 0x00, 0x00, 0x40, 0x40, 0x40, 0x00,
	  0x00, 0x00, 0x00, 0x00, 0x00, 0x00, 0x00, 0x00, 0x00, 0x00, 0x00, 0x00,
	  0x01, 0x00, 0x00, 0x00, 0x02, 0x00, 0x00, 0x00, 0x03, 0x00, 0x00, 0x00,
	  0x40, 0x40, 0x40, 0x00, 0x00, 0x00, 0x00, 0x00, 0x00, 0x00, 0x00, 0x00,
	  0x00, 0x00, 0x00, 0x00, 0x01, 0x00, 0x00, 0x00, 0x02, 0x00, 0x00, 0x00,
	  0x03, 0x00, 0x00, 0x00, 0x00, 0x40, 0x40, 0x00, 0xff, 0x0f, 0x00, 0x00,
	  0x00, 0x00, 0x00, 0x00, 0x00, 0x00, 0x00, 0x00, 0x01, 0x00, 0x00, 0x00,
	  0x02, 0x00, 0x00, 0x00, 0x03, 0x00, 0x00, 0x00, 0x00, 0x40, 0x40, 0x00,
	  0xff, 0x0f, 0x00, 0x00, 0x00, 0x00, 0x00, 0x00, 0xff, 0x07, 0xff, 0x0f,
	  0xff, 0x17, 0xff, 0x1f, 0x00, 0x00, 0x00, 0x00, 0x00, 0x00, 0x00, 0x00,
	  0x00, 0x00, 0x00, 0x00, 0x00, 0x00, 0x23, 0x00, 0x46, 0x00, 0x69, 0x00,
	  0x8c, 0x00, 0xb0, 0x00, 0xd3, 0x00, 0xf6, 0x00, 0x19, 0x01, 0x3d, 0x01,
	  0x00, 0x00, 0x00, 0x00, 0x00, 0x00, 0x00, 0x00, 0x00, 0x00, 0x00, 0x00,
	  0x00, 0x00, 0x00, 0x00, 0x00, 0x00, 0x00, 0x00, 0x00, 0x00, 0x00, 0x00,
	  0x00, 0x00, 0x00, 0x00, 0x00, 0x00, 0x00, 0x00, 0x00, 0x00, 0x00, 0x00,
	  0x00, 0x00, 0x00, 0x00, 0x00, 0x00, 0x00, 0x00, 0x00, 0x00, 0x00, 0x00,
	  0x00, 0x00, 0x00, 0x00, 0x00, 0x00, 0x00, 0x00, 0x00, 0x00, 0x00, 0x00,
	  0x3b, 0x01, 0x00, 0x00, 0x76, 0x02, 0x00, 0x00, 0xb1, 0x03, 0x00, 0x00,
	  0xec, 0x04, 0x00, 0x00, 0x30, 0x06, 0x00, 0x00, 0x6b, 0x07, 0x00, 0x00,
	  0xa6, 0x08, 0x00, 0x00, 0xe1, 0x09, 0x00, 0x00, 0x25, 0x0b, 0x00, 0x00,
	  0x00, 0x00, 0x00, 0x00, 0x00, 0x00, 0x00, 0x00, 0x00, 0x00, 0x00, 0x00,
	  0x00, 0x00, 0x00, 0x00, 0x00, 0x00, 0x00, 0x00, 0x00, 0x00, 0x00, 0x00,
	  0x00, 0x00, 0x00, 0x00, 0x00, 0x00, 0x00, 0x00, 0x00, 0x00, 0x00, 0x00,
	  0x00, 0x00, 0x00, 0x00, 0x00, 0x00, 0x00, 0x00, 0x00, 0x00, 0x00, 0x00,
	  0x00, 0x00, 0x00, 0x00, 0x00, 0x00, 0x00, 0x00, 0x00, 0x00, 0x03, 0x00,
	  0x19, 0x00, 0x60, 0x00, 0x06, 0x01, 0x42, 0x02, 0x6a, 0x04, 0xc8, 0x07,
	  0xa5, 0x0c, 0x67, 0x13, 0xf8, 0x1c, 0x75, 0x29, 0x39, 0x39, 0x5c, 0x4e,
	  0x1f, 0x67, 0x61, 0x7f, 0x00, 0x00, 0x1c, 0x00, 0x50, 0x00, 0x9d, 0x00,
	  0x03, 0x01, 0x81, 0x01, 0x1a, 0x02, 0xca, 0x02, 0x8e, 0x03, 0x68, 0x04,
	  0x62, 0x05, 0x70, 0x06, 0x91, 0x07, 0xda, 0x08, 0x28, 0x0a, 0x00, 0x00,
	  0xcd, 0x93, 0x07, 0x26, 0x4d, 0x11, 0xda, 0x09, 0x5d, 0x06, 0x71, 0x04,
	  0x46, 0x03, 0x86, 0x02, 0x03, 0x02, 0xa3, 0x01, 0x5b, 0x01, 0x25, 0x01,
	  0xfa, 0x00, 0xd8, 0x00, 0xbf, 0x00, 0x00, 0x00, 0x00, 0x00, 0x88, 0x08,
	  0x11, 0x11, 0x99, 0x19, 0x22, 0x22, 0xaa, 0x2a, 0x33, 0x33, 0xbb, 0x3b,
	  0x44, 0x44, 0xcc, 0x4c, 0x55, 0x55, 0xdd, 0x5d, 0x66, 0x66, 0xee, 0x6e,
	  0x77, 0x77, 0xff, 0x7f, 0x00, 0x00, 0x00, 0x00, 0x88, 0x08, 0x00, 0x00,
	  0x11, 0x11, 0x00, 0x00, 0x99, 0x19, 0x00, 0x00, 0x22, 0x22, 0x00, 0x00,
	  0xaa, 0x2a, 0x00, 0x00, 0x33, 0x33, 0x00, 0x00, 0xbb, 0x3b, 0x00, 0x00,
	  0x44, 0x44, 0x00, 0x00, 0xcc, 0x4c, 0x00, 0x00, 0x55, 0x55, 0x00, 0x00,
	  0xdd, 0x5d, 0x00, 0x00, 0x66, 0x66, 0x00, 0x00, 0xee, 0x6e, 0x00, 0x00,
	  0x77, 0x77, 0x00, 0x00, 0x20, 0x00, 0x20, 0x00, 0x20, 0x00, 0x20, 0x00,
	  0x20, 0x00, 0x20, 0x00, 0x20, 0x00, 0x20, 0x00, 0x20, 0x00, 0x20, 0x00,
	  0x20, 0x00, 0x20, 0x00, 0x20, 0x00, 0x20, 0x00, 0x20, 0x00, 0x00, 0x00,
	  0x00, 0x00, 0x00, 0x00, 0x88, 0x08, 0x00, 0x00, 0x11, 0x11, 0x00, 0x00,
	  0x99, 0x19, 0x00, 0x00, 0x22, 0x22, 0x00, 0x00, 0xaa, 0x2a, 0x00, 0x00,
	  0x33, 0x33, 0x00, 0x00, 0xbb, 0x3b, 0x00, 0x00, 0x44, 0x44, 0x00, 0x00,
	  0xcc, 0x4c, 0x00, 0x00, 0x55, 0x55, 0x00, 0x00, 0xdd, 0x5d, 0x00, 0x00,
	  0x66, 0x66, 0x00, 0x00, 0xee, 0x6e, 0x00, 0x00, 0x77, 0x77, 0x00, 0x00,
	  0xff, 0x7f, 0x00, 0x00, 0x00, 0x00, 0x88, 0x08, 0x11, 0x11, 0x99, 0x19,
	  0x22, 0x22, 0xaa, 0x2a, 0x33, 0x33, 0xbb, 0x3b, 0x44, 0x44, 0xcc, 0x4c,
	  0x55, 0x55, 0xdd, 0x5d, 0x66, 0x66, 0xee, 0x6e, 0x77, 0x77, 0x00, 0x00,
	  0x20, 0x00, 0x20, 0x00, 0x20, 0x00, 0x20, 0x00, 0x20, 0x00, 0x20, 0x00,
	  0x20, 0x00, 0x20, 0x00, 0x20, 0x00, 0x20, 0x00, 0x20, 0x00, 0x20, 0x00,
	  0x20, 0x00, 0x20, 0x00, 0x20, 0x00, 0x00, 0x00, 0x10, 0x00, 0x18, 0x00,
	  0x1f, 0x00, 0x25, 0x00, 0x2c, 0x00, 0x34, 0x00, 0x3c, 0x00, 0x43, 0x00,
	  0x47, 0x00, 0x4c, 0x00, 0x50, 0x00, 0x53, 0x00, 0x5a, 0x00, 0x62, 0x00,
	  0x6c, 0x00, 0x76, 0x00, 0x81, 0x00, 0x8c, 0x00, 0x8c, 0x00, 0x8c, 0x00,
	  0x8c, 0x00, 0x8c, 0x00, 0x8c, 0x00, 0x8c, 0x00, 0x8c, 0x00, 0x8c, 0x00,
	  0x8c, 0x00, 0x8c, 0x00, 0x8c, 0x00, 0x8c, 0x00, 0x8c, 0x00, 0x8c, 0x00,
	  0x10, 0x00, 0x18, 0x00, 0x1f, 0x00, 0x25, 0x00, 0x2c, 0x00, 0x34, 0x00,
	  0x3c, 0x00, 0x43, 0x00, 0x47, 0x00, 0x4c, 0x00, 0x50, 0x00, 0x53, 0x00,
	  0x5a, 0x00, 0x62, 0x00, 0x6c, 0x00, 0x76, 0x00, 0x81, 0x00, 0x8c, 0x00,
	  0x8c, 0x00, 0x8c, 0x00, 0x8c, 0x00, 0x8c, 0x00, 0x8c, 0x00, 0x8c, 0x00,
	  0x8c, 0x00, 0x8c, 0x00, 0x8c, 0x00, 0x8c, 0x00, 0x8c, 0x00, 0x8c, 0x00,
	  0x8c, 0x00, 0x8c, 0x00, 0x39, 0x00, 0x44, 0x00, 0x4e, 0x00, 0x58, 0x00,
	  0x62, 0x00, 0x6f, 0x00, 0x7b, 0x00, 0x85, 0x00, 0x8b, 0x00, 0x92, 0x00,
	  0x96, 0x00, 0x9b, 0x00, 0xa4, 0x00, 0xaf, 0x00, 0xbb, 0x00, 0xc9, 0x00,
	  0xd8, 0x00, 0xe7, 0x00, 0xe7, 0x00, 0xe7, 0x00, 0xe7, 0x00, 0xe7, 0x00,
	  0xe7, 0x00, 0xe7, 0x00, 0xe7, 0x00, 0xe7, 0x00, 0xe7, 0x00, 0xe7, 0x00,
	  0xe7, 0x00, 0xe7, 0x00, 0xe7, 0x00, 0xe7, 0x00, 0x4c, 0x00, 0x55, 0x00,
	  0x5d, 0x00, 0x65, 0x00, 0x6e, 0x00, 0x79, 0x00, 0x83, 0x00, 0x8c, 0x00,
	  0x92, 0x00, 0x98, 0x00, 0x9d, 0x00, 0xa2, 0x00, 0xab, 0x00, 0xb7, 0x00,
	  0xc4, 0x00, 0xd3, 0x00, 0xe3, 0x00, 0xf2, 0x00, 0xf2, 0x00, 0xf2, 0x00,
	  0xf2, 0x00, 0xf2, 0x00, 0xf2, 0x00, 0xf2, 0x00, 0xf2, 0x00, 0xf2, 0x00,
	  0xf2, 0x00, 0xf2, 0x00, 0xf2, 0x00, 0xf2, 0x00, 0xf2, 0x00, 0xf2, 0x00,
	  0x3f, 0x00, 0x00, 0x0f, 0x11, 0x38, 0x40, 0x40, 0x14, 0x00, 0x00, 0x00,
	  0x00, 0x00, 0x01, 0x00, 0x1f, 0x1e, 0xfa, 0x00, 0x01, 0x86, 0x00, 0x00,
	  0x3e, 0x00, 0x00, 0x00, 0x3f, 0x62, 0x02, 0x00, 0x11, 0x04, 0x00, 0x00,
	  0x28, 0x98, 0x00, 0x00, 0x90, 0xfd, 0x01, 0x00, 0x74, 0x3f, 0x03, 0x00,
	  0xd1, 0xff, 0x00, 0x00, 0x33, 0x1b, 0x8c, 0x5b, 0x41, 0x09, 0x00, 0x00,
	  0x66, 0xf2, 0x3a, 0xd2, 0x60, 0x3b, 0x00, 0x00, 0x66, 0x32, 0x3a, 0xd2,
	  0x60, 0xfb, 0x00, 0x00, 0x00, 0x00, 0x00, 0x00, 0x00, 0x00, 0x00, 0x00,
	  0x7d, 0x7d, 0x04, 0x01, 0x00, 0x10, 0x00, 0x10, 0x00, 0x10, 0x00, 0x10,
	  0x00, 0x10, 0x00, 0x10, 0x00, 0x10, 0x00, 0x10, 0x00, 0x10, 0x00, 0x10,
	  0x00, 0x10, 0x00, 0x10, 0x00, 0x10, 0x00, 0x10, 0x00, 0x10, 0x00, 0x10,
	  0x00, 0x10, 0x00, 0x10, 0x00, 0x10, 0x00, 0x10, 0x00, 0x10, 0x00, 0x10,
	  0x00, 0x10, 0x00, 0x10, 0x00, 0x10, 0x00, 0x10, 0x00, 0x10, 0x00, 0x10,
	  0x00, 0x10, 0x00, 0x10, 0x00, 0x10, 0x00, 0x10, 0x00, 0x10, 0x00, 0x10,
	  0x00, 0x10, 0x00, 0x10, 0x00, 0x10, 0x00, 0x10, 0x00, 0x10, 0x16, 0x0f,
	  0x50, 0x0e, 0xa5, 0x0d, 0x10, 0x0d, 0x8d, 0x0c, 0x18, 0x0c, 0xaf, 0x0b,
	  0x50, 0x0b, 0xfa, 0x0a, 0xab, 0x0a, 0x62, 0x0a, 0x1f, 0x0a, 0xe0, 0x09,
	  0xa6, 0x09, 0x70, 0x09, 0x3d, 0x09, 0x0d, 0x09, 0xe0, 0x08, 0xb6, 0x08,
	  0x8d, 0x08, 0x67, 0x08, 0x43, 0x08, 0x21, 0x08, 0x00, 0x08, 0xc3, 0x07,
	  0x8b, 0x07, 0x57, 0x07, 0x28, 0x07, 0xfc, 0x06, 0xd3, 0x06, 0xac, 0x06,
	  0x88, 0x06, 0x66, 0x06, 0x47, 0x06, 0x29, 0x06, 0x0c, 0x06, 0xf1, 0x05,
	  0xd8, 0x05, 0xbf, 0x05, 0xa8, 0x05, 0x7d, 0x05, 0x55, 0x05, 0x31, 0x05,
	  0x0f, 0x05, 0xf0, 0x04, 0xd3, 0x04, 0xb8, 0x04, 0x9e, 0x04, 0x70, 0x04,
	  0x47, 0x04, 0x22, 0x04, 0x00, 0x04, 0xe1, 0x03, 0xc5, 0x03, 0xac, 0x03,
	  0x94, 0x03, 0x7e, 0x03, 0x69, 0x03, 0x56, 0x03, 0x44, 0x03, 0x33, 0x03,
	  0x23, 0x03, 0x14, 0x03, 0x06, 0x03, 0xf9, 0x02, 0xec, 0x02, 0xe0, 0x02,
	  0xd4, 0x02, 0xbe, 0x02, 0xab, 0x02, 0x98, 0x02, 0x88, 0x02, 0x78, 0x02,
	  0x69, 0x02, 0x5c, 0x02, 0x4f, 0x02, 0x43, 0x02, 0x38, 0x02, 0x2d, 0x02,
	  0x23, 0x02, 0x1a, 0x02, 0x11, 0x02, 0x08, 0x02, 0x00, 0x02, 0xf8, 0x01,
	  0xf1, 0x01, 0xea, 0x01, 0xe3, 0x01, 0xdc, 0x01, 0xd6, 0x01, 0xd0, 0x01,
	  0xca, 0x01, 0xc4, 0x01, 0xbf, 0x01, 0xba, 0x01, 0xb5, 0x01, 0xb0, 0x01,
	  0xab, 0x01, 0xa6, 0x01, 0xa2, 0x01, 0x9e, 0x01, 0x9a, 0x01, 0x96, 0x01,
	  0x92, 0x01, 0x8e, 0x01, 0x8a, 0x01, 0x87, 0x01, 0x83, 0x01, 0x80, 0x01,
	  0x7c, 0x01, 0x79, 0x01, 0x76, 0x01, 0x73, 0x01, 0x70, 0x01, 0x6d, 0x01,
	  0x6a, 0x01, 0x67, 0x01, 0x65, 0x01, 0x62, 0x01, 0x5f, 0x01, 0x5d, 0x01,
	  0x5a, 0x01, 0x58, 0x01, 0x55, 0x01, 0x53, 0x01, 0x51, 0x01, 0x4e, 0x01,
	  0x4c, 0x01, 0x4a, 0x01, 0x48, 0x01, 0x46, 0x01, 0x44, 0x01, 0x42, 0x01,
	  0x40, 0x01, 0x3e, 0x01, 0x3c, 0x01, 0x3a, 0x01, 0x38, 0x01, 0x37, 0x01,
	  0x35, 0x01, 0x33, 0x01, 0x31, 0x01, 0x30, 0x01, 0x2e, 0x01, 0x2c, 0x01,
	  0x2b, 0x01, 0x29, 0x01, 0x28, 0x01, 0x26, 0x01, 0x25, 0x01, 0x23, 0x01,
	  0x22, 0x01, 0x20, 0x01, 0x1f, 0x01, 0x1d, 0x01, 0x1c, 0x01, 0x1b, 0x01,
	  0x19, 0x01, 0x18, 0x01, 0x17, 0x01, 0x15, 0x01, 0x14, 0x01, 0x13, 0x01,
	  0x12, 0x01, 0x10, 0x01, 0x0f, 0x01, 0x0e, 0x01, 0x0d, 0x01, 0x0c, 0x01,
	  0x0b, 0x01, 0x0a, 0x01, 0x08, 0x01, 0x07, 0x01, 0x06, 0x01, 0x05, 0x01,
	  0x04, 0x01, 0x03, 0x01, 0x02, 0x01, 0x01, 0x01, 0x00, 0x01, 0x00, 0x00,
	  0x00, 0x00, 0x00, 0x00, 0x00, 0x00, 0x00, 0x00, 0x00, 0x00, 0x00, 0x00,
	  0x00, 0x00, 0x00, 0x00, 0x00, 0x00, 0x00, 0x00, 0x00, 0x00, 0x00, 0x00,
	  0x00, 0x00, 0x00, 0x00, 0x00, 0x00, 0x00, 0x00, 0x00, 0x00, 0x00, 0x00,
	  0x00, 0x00, 0x00, 0x00, 0x00, 0x00, 0x00, 0x00, 0x00, 0x00, 0x00, 0x00,
	  0x00, 0x00, 0x00, 0x00, 0x00, 0x00, 0x00, 0x00, 0x00, 0x00, 0x00, 0x00,
	  0x00, 0x00, 0x00, 0x00, 0x00, 0x00, 0x00, 0x00, 0x00, 0x00, 0x00, 0x00,
	  0x00, 0x00, 0x00, 0x00, 0x00, 0x00, 0x00, 0x00, 0x00, 0x00, 0x00, 0x00,
	  0x00, 0x00, 0x00, 0x00, 0x00, 0x00, 0x00, 0x00, 0x00, 0x00, 0x00, 0x00,
	  0x00, 0x00, 0x00, 0x00, 0x00, 0x00, 0x00, 0x00, 0x00, 0x00, 0x00, 0x00,
	  0x00, 0x00, 0x00, 0x00, 0x00, 0x00, 0x00, 0x00, 0x00, 0x00, 0x00, 0x00,
	  0x00, 0x00, 0x00, 0x00, 0x00, 0x00, 0x00, 0x00, 0x00, 0x00, 0x00, 0x00,
	  0x00, 0x00, 0x00, 0x00, 0x00, 0x00, 0x00, 0x00, 0x00, 0x00, 0x00, 0x00,
	  0x00, 0x00, 0x00, 0x00, 0x00, 0x00, 0x00, 0x00, 0x00, 0x00, 0x00, 0x00,
	  0x00, 0x00, 0x00, 0x00, 0x00, 0x00, 0x00, 0x00, 0x00, 0x00, 0x00, 0x00,
	  0x00, 0x00, 0x00, 0x00, 0x00, 0x00, 0x00, 0x00, 0x00, 0x00, 0x00, 0x00,
	  0x00, 0x00, 0x00, 0x00, 0x00, 0x00, 0x00, 0x00, 0x00, 0x00, 0x00, 0x00,
	  0x00, 0x00, 0x00, 0x00, 0x00, 0x00, 0x00, 0x00, 0x00, 0x00, 0x00, 0x00,
	  0x00, 0x00, 0x00, 0x00, 0x00, 0x00, 0x00, 0x00, 0x00, 0x00, 0x00, 0x00,
	  0x00, 0x00, 0x00, 0x00, 0x00, 0x00, 0x00, 0x00, 0x00, 0x00, 0x00, 0x00,
	  0x00, 0x00, 0x00, 0x00, 0x00, 0x00, 0x00, 0x00, 0x00, 0x00, 0x00, 0x00,
	  0x00, 0x00, 0x00, 0x00, 0x00, 0x00, 0x00, 0x00, 0x00, 0x00, 0x00, 0x00,
	  0x00, 0x00, 0x00, 0x00, 0x00, 0x00, 0x00, 0x00, 0x00, 0x00, 0x00, 0x00,
	  0x00, 0x00, 0x00, 0x00, 0x00, 0x00, 0x00, 0x00, 0x00, 0x00, 0x00, 0x00,
	  0x00, 0x00, 0x00, 0x00, 0x00, 0x00, 0x00, 0x00, 0x00, 0x00, 0x00, 0x00,
	  0x00, 0x00, 0x00, 0x00, 0x00, 0x00, 0x00, 0x00, 0x00, 0x00, 0x00, 0x00,
	  0x00, 0x00, 0x00, 0x00, 0x00, 0x00, 0x00, 0x00, 0x00, 0x00, 0x00, 0x00,
	  0x00, 0x00, 0x00, 0x00, 0x00, 0x00, 0x00, 0x00, 0x00, 0x00, 0x00, 0x00,
	  0x00, 0x00, 0x00, 0x00, 0x00, 0x00, 0x00, 0x00, 0x70, 0x1b, 0x00, 0x00,
	  0x00, 0x00, 0x00, 0x00, 0x20, 0x00, 0x04, 0x02, 0x00, 0x02, 0xe5, 0x03,
	  0x00, 0x04, 0xe6, 0x04, 0x00, 0x06, 0x67, 0x05, 0x00, 0x0a, 0xe7, 0x05,
	  0x00, 0x0e, 0x67, 0x06, 0x00, 0x10, 0xa8, 0x06, 0x00, 0x20, 0x00, 0x00,
	  0x00, 0x40, 0x00, 0x20, 0x00, 0x00, 0x6e, 0xf5, 0x00, 0x20, 0x00, 0x40,
	  0x00, 0x00, 0x00, 0x00, 0x08, 0x00, 0x00, 0x00, 0x00, 0x00, 0x00, 0x00,
	  0xff, 0x07, 0x00, 0x00, 0xbc, 0x04, 0x00, 0x00, 0x00, 0x00, 0x01, 0x08,
	  0x00, 0xfd, 0x0f, 0x00, 0xa0, 0xf9, 0xc0, 0xfc, 0xf8, 0xfd, 0x1d, 0xff,
	  0x85, 0x7d, 0x04, 0x00, 0xeb, 0xa8, 0x02, 0x00, 0x00, 0x54, 0x05, 0x00,
	  0xaa, 0xfe, 0x0f, 0x00, 0xb7, 0x0f, 0xc9, 0x0f, 0xc0, 0x0f, 0x00, 0x00,
	  0x80, 0xa1, 0x05, 0x00, 0x56, 0x01, 0x00, 0x00, 0x00, 0x00, 0x00, 0x00,
	  0x80, 0x00, 0x00, 0x00, 0x00, 0x00, 0x00, 0x00, 0xcc, 0x00, 0x00, 0x00,
	  0x00, 0x00, 0x00, 0x00, 0x00, 0x00, 0x00, 0x00, 0x91, 0x01, 0x00, 0x00,
	  0x91, 0x01, 0x91, 0x01, 0x36, 0x00, 0x00, 0x00, 0x00, 0x00, 0x14, 0x00,
	  0xa2, 0x01, 0xdf, 0x01, 0x69, 0x01, 0x00, 0x00, 0x03, 0x00, 0x00, 0x00,
	  0xcd, 0xcc, 0x04, 0x00, 0xcd, 0xcc, 0x04, 0x00, 0xcd, 0xcc, 0x04, 0x00,
	  0xcd, 0xcc, 0x04, 0x00, 0xcd, 0xcc, 0x04, 0x00, 0xcd, 0xcc, 0x04, 0x00,
	  0x6b, 0x00, 0x00, 0x00, 0xff, 0x03, 0x00, 0x00, 0xff, 0x03, 0xff, 0x03,
	  0x00, 0x00, 0x01, 0x08, 0x00, 0xfd, 0x0f, 0x00, 0xd0, 0xf9, 0xc0, 0xfc,
	  0xf8, 0xfd, 0x20, 0xff, 0x80, 0x75, 0x04, 0x00, 0xe9, 0xa0, 0x02, 0x00,
	  0x00, 0x00, 0x01, 0x08, 0x00, 0xfd, 0x0f, 0x00, 0x00, 0x00, 0x00, 0x00,
	  0x00, 0x00, 0x00, 0x00, 0x00, 0x00, 0x00, 0x00, 0x00, 0x00, 0x00, 0x00,
	  0x00, 0x00, 0x01, 0x08, 0x00, 0xfd, 0x0f, 0x00, 0x00, 0x00, 0x00, 0x00,
	  0x00, 0x00, 0x00, 0x00, 0x00, 0x00, 0x00, 0x00, 0x00, 0x00, 0x00, 0x00,
	  0x00, 0x00, 0x01, 0x08, 0x00, 0xfd, 0x0f, 0x00, 0x50, 0xfa, 0x10, 0xfd,
	  0x38, 0xfe, 0x42, 0xff, 0x51, 0xd9, 0x03, 0x00, 0xc7, 0x38, 0x02, 0x00,
	  0x00, 0x00, 0x01, 0x08, 0x00, 0xfd, 0x0f, 0x00, 0x00, 0x00, 0x00, 0x00,
	  0x00, 0x00, 0x00, 0x00, 0x00, 0x00, 0x00, 0x00, 0x00, 0x00, 0x00, 0x00,
	  0x00, 0x00, 0x01, 0x08, 0x00, 0xfd, 0x0f, 0x00, 0x00, 0x00, 0x00, 0x00,
	  0x00, 0x00, 0x00, 0x00, 0x00, 0x00, 0x00, 0x00, 0x00, 0x00, 0x00, 0x00,
	  0x00, 0x00, 0x01, 0x08, 0x00, 0xfd, 0x0f, 0x00, 0xc0, 0xf9, 0x10, 0xfd,
	  0x48, 0xfe, 0x58, 0xff, 0x48, 0x91, 0x03, 0x00, 0xb5, 0xf8, 0x01, 0x00,
	  0x00, 0x00, 0x01, 0x08, 0x00, 0xfd, 0x0f, 0x00, 0x00, 0x00, 0x00, 0x00,
	  0x00, 0x00, 0x00, 0x00, 0x00, 0x00, 0x00, 0x00, 0x00, 0x00, 0x00, 0x00,
	  0x00, 0x00, 0x01, 0x08, 0x00, 0xfd, 0x0f, 0x00, 0x00, 0x00, 0x00, 0x00,
	  0x00, 0x00, 0x00, 0x00, 0x00, 0x00, 0x00, 0x00, 0x00, 0x00, 0x00, 0x00,
	  0x00, 0x54, 0x05, 0x00, 0xaa, 0xfe, 0x0f, 0x00, 0xb7, 0x0f, 0xc9, 0x0f,
	  0xc0, 0x0f, 0x00, 0x00, 0x80, 0xa1, 0x05, 0x00, 0x56, 0x01, 0x00, 0x00,
	  0x00, 0x00, 0x01, 0x00, 0x80, 0x00, 0x04, 0x00, 0xff, 0xff, 0x0f, 0x00,
	  0x00, 0x00, 0x00, 0x00, 0x00, 0x00, 0x00, 0x00, 0x00, 0x00, 0x00, 0x00,
	  0x00, 0x01, 0x04, 0x00, 0x00, 0x01, 0x04, 0x00, 0x00, 0x01, 0x00, 0x00,
	  0x00, 0x58, 0x05, 0x00, 0xd1, 0xdd, 0x08, 0x00, 0xa8, 0xfe, 0x0f, 0x00,
	  0x00, 0x00, 0x00, 0x00, 0x00, 0x00, 0x00, 0x00, 0x7e, 0x01, 0x00, 0x00,
	  0x00, 0x00, 0x00, 0x00, 0x00, 0x00, 0x00, 0x00, 0x00, 0x00, 0x00, 0x00,
	  0x00, 0x00, 0x00, 0x00, 0x0b, 0x00, 0x17, 0x00, 0x10, 0x00, 0x18, 0x00,
	  0x08, 0x00, 0x00, 0x00, 0x00, 0x00, 0x4b, 0x00, 0x7e, 0x00, 0x99, 0x00,
	  0xcc, 0x00, 0xff, 0x00, 0x00, 0x00, 0x34, 0x00, 0x7e, 0x00, 0x99, 0x00,
	  0xe6, 0x00, 0x00, 0x00, 0x01, 0x00, 0x00, 0x00, 0xf4, 0x00, 0x2b, 0x00,
	  0x03, 0x00, 0x00, 0x00, 0x00, 0x00, 0x80, 0x00, 0xff, 0x03, 0x00, 0x00,
	  0xff, 0x03, 0x00, 0x00, 0xff, 0x03, 0x00, 0x00, 0xff, 0x03, 0x00, 0x00,
	  0xff, 0x03, 0x00, 0x00, 0xff, 0x03, 0x00, 0x00, 0xff, 0x03, 0x00, 0x00,
	  0xff, 0x03, 0x00, 0x00, 0xff, 0x03, 0x00, 0x00, 0xff, 0x03, 0x00, 0x00,
	  0xff, 0x03, 0x00, 0x00, 0xff, 0x03, 0x00, 0x00, 0xff, 0x03, 0x00, 0x00,
	  0xff, 0x03, 0x00, 0x00, 0xff, 0x03, 0x00, 0x00, 0xff, 0x03, 0x00, 0x00,
	  0xff, 0x03, 0x00, 0x00, 0xff, 0x03, 0x00, 0x00, 0xff, 0x03, 0x00, 0x00,
	  0xff, 0x03, 0x00, 0x00, 0xff, 0x03, 0x00, 0x00, 0xff, 0x03, 0x00, 0x00,
	  0xff, 0x03, 0x00, 0x00, 0xff, 0x03, 0x00, 0x00, 0xff, 0x03, 0x00, 0x00,
	  0xff, 0x03, 0x00, 0x00, 0xff, 0x03, 0x00, 0x00, 0xff, 0x03, 0x00, 0x00,
	  0xff, 0x03, 0x00, 0x00, 0xff, 0x03, 0x00, 0x00, 0xff, 0x03, 0x00, 0x00,
	  0xff, 0x03, 0x00, 0x00, 0xff, 0x03, 0x00, 0x00, 0xff, 0x03, 0x00, 0x00,
	  0xff, 0x03, 0x00, 0x00, 0xff, 0x03, 0x00, 0x00, 0xff, 0x03, 0x00, 0x00,
	  0xff, 0x03, 0x00, 0x00, 0xff, 0x03, 0x00, 0x00, 0xff, 0x03, 0x00, 0x00,
	  0xff, 0x03, 0x00, 0x00, 0xff, 0x03, 0x00, 0x00, 0xff, 0x03, 0x00, 0x00,
	  0xff, 0x03, 0x00, 0x00, 0xff, 0x03, 0x00, 0x00, 0xff, 0x03, 0x00, 0x00,
	  0xff, 0x03, 0x00, 0x00, 0xff, 0x03, 0x00, 0x00, 0xff, 0x03, 0x00, 0x00,
	  0xff, 0x03, 0x00, 0x00, 0xff, 0x03, 0x00, 0x00, 0xff, 0x03, 0x00, 0x00,
	  0xff, 0x03, 0x00, 0x00, 0xff, 0x03, 0x00, 0x00, 0xff, 0x03, 0x00, 0x00,
	  0xff, 0x03, 0x00, 0x00, 0xff, 0x03, 0x00, 0x00, 0xff, 0x03, 0x00, 0x00,
	  0xff, 0x03, 0x00, 0x00, 0xff, 0x03, 0x00, 0x00, 0xff, 0x03, 0x00, 0x00,
	  0xff, 0x03, 0x00, 0x00, 0xff, 0x03, 0x00, 0x00, 0xff, 0x03, 0x00, 0x00,
	  0xff, 0x03, 0x00, 0x00, 0xff, 0x03, 0x00, 0x00, 0xff, 0x03, 0x00, 0x00,
	  0xff, 0x03, 0x00, 0x00, 0xff, 0x03, 0x00, 0x00, 0xff, 0x03, 0x00, 0x00,
	  0xff, 0x03, 0x00, 0x00, 0xff, 0x03, 0x00, 0x00, 0xff, 0x03, 0x00, 0x00,
	  0xff, 0x03, 0x00, 0x00, 0xff, 0x03, 0x00, 0x00, 0xff, 0x03, 0x00, 0x00,
	  0xff, 0x03, 0x00, 0x00, 0xff, 0x03, 0x00, 0x00, 0xff, 0x03, 0x00, 0x00,
	  0xff, 0x03, 0x00, 0x00, 0xff, 0x03, 0x00, 0x00, 0xff, 0x03, 0x00, 0x00,
	  0xff, 0x03, 0x00, 0x00, 0xff, 0x03, 0x00, 0x00, 0xff, 0x03, 0x00, 0x00,
	  0xff, 0x03, 0x00, 0x00, 0xff, 0x03, 0x00, 0x00, 0xff, 0x03, 0x00, 0x00,
	  0xff, 0x03, 0x00, 0x00, 0xff, 0x03, 0x00, 0x00, 0xff, 0x03, 0x00, 0x00,
	  0xff, 0x03, 0x00, 0x00, 0xff, 0x03, 0x00, 0x00, 0xff, 0x03, 0x00, 0x00,
	  0xff, 0x03, 0x00, 0x00, 0xff, 0x03, 0x00, 0x00, 0x00, 0x00, 0x00, 0x00,
	  0xab, 0x0a, 0xab, 0x07, 0xab, 0x02, 0x55, 0x00, 0x00, 0x00, 0x00, 0x00,
	  0x00, 0x10, 0x00, 0x0a, 0x00, 0x00, 0x00, 0x3e, 0x00, 0x00, 0x00, 0x00,
	  0x4c, 0x01, 0x00, 0x00, 0x00, 0x00, 0x00, 0x00, 0x00, 0x00, 0x00, 0x00,
	  0xff, 0x07, 0x00, 0x00, 0xff, 0x07, 0xff, 0x07, 0xcb, 0x01, 0x00, 0x00,
	  0xcb, 0x01, 0xcb, 0x01, 0x36, 0x00, 0x00, 0x00, 0x00, 0x00, 0x14, 0x00,
	  0xc3, 0x08, 0xdc, 0x09, 0xc0, 0x07, 0x00, 0x00, 0x31, 0x02, 0x77, 0x02,
	  0xf0, 0x01, 0x00, 0x00, 0x02, 0x00, 0x00, 0x00, 0x24, 0x60, 0x00, 0x01,
	  0x06, 0x10, 0x10, 0x00, 0x00, 0x00, 0x00, 0x00, 0x00, 0x00, 0x00, 0x00,
	  0x08, 0x00, 0x00, 0x00, 0xcd, 0xcc, 0x00, 0x00, 0xcd, 0xcc, 0x00, 0x00,
	  0xcd, 0xcc, 0x00, 0x00, 0xcd, 0xcc, 0x04, 0x00, 0xcd, 0xcc, 0x04, 0x00,
	  0xcd, 0xcc, 0x04, 0x00, 0x6b, 0x00, 0x00, 0x00, 0xff, 0x03, 0x00, 0x00,
	  0x6b, 0x00, 0x00, 0x00, 0xff, 0x03, 0x00, 0x00, 0xff, 0x03, 0xff, 0x03,
	  0x00, 0x00, 0x01, 0x08, 0x00, 0xfd, 0x0f, 0x00, 0x00, 0xfa, 0xb0, 0xfc,
	  0xf0, 0xfd, 0x15, 0xff, 0x87, 0x9d, 0x04, 0x00, 0xf2, 0xc0, 0x02, 0x00,
	  0x00, 0x00, 0x01, 0x08, 0x00, 0xfd, 0x0f, 0x00, 0x00, 0x00, 0x00, 0x00,
	  0x00, 0x00, 0x00, 0x00, 0x00, 0x00, 0x00, 0x00, 0x00, 0x00, 0x00, 0x00,
	  0x00, 0x00, 0x01, 0x08, 0x00, 0xfd, 0x0f, 0x00, 0x00, 0x00, 0x00, 0x00,
	  0x00, 0x00, 0x00, 0x00, 0x00, 0x00, 0x00, 0x00, 0x00, 0x00, 0x00, 0x00,
	  0x00, 0x00, 0x01, 0x08, 0x00, 0xfd, 0x0f, 0x00, 0x00, 0xfa, 0x00, 0xfd,
	  0x30, 0xfe, 0x3d, 0xff, 0x5c, 0xf1, 0x03, 0x00, 0xcc, 0x48, 0x02, 0x00,
	  0x00, 0x00, 0x01, 0x08, 0x00, 0xfd, 0x0f, 0x00, 0x00, 0x00, 0x00, 0x00,
	  0x00, 0x00, 0x00, 0x00, 0x00, 0x00, 0x00, 0x00, 0x00, 0x00, 0x00, 0x00,
	  0x00, 0x00, 0x01, 0x08, 0x00, 0xfd, 0x0f, 0x00, 0x00, 0x00, 0x00, 0x00,
	  0x00, 0x00, 0x00, 0x00, 0x00, 0x00, 0x00, 0x00, 0x00, 0x00, 0x00, 0x00,
	  0x00, 0x00, 0x01, 0x08, 0x00, 0xfd, 0x0f, 0x00, 0x80, 0xf9, 0x00, 0xfd,
	  0x38, 0xfe, 0x4d, 0xff, 0x57, 0xbd, 0x03, 0x00, 0xbf, 0x18, 0x02, 0x00,
	  0x00, 0x00, 0x01, 0x08, 0x00, 0xfd, 0x0f, 0x00, 0x00, 0x00, 0x00, 0x00,
	  0x00, 0x00, 0x00, 0x00, 0x00, 0x00, 0x00, 0x00, 0x00, 0x00, 0x00, 0x00,
	  0x00, 0x00, 0x01, 0x08, 0x00, 0xfd, 0x0f, 0x00, 0x00, 0x00, 0x00, 0x00,
	  0x00, 0x00, 0x00, 0x00, 0x00, 0x00, 0x00, 0x00, 0x00, 0x00, 0x00, 0x00,
	  0x00, 0x54, 0x05, 0x00, 0xaa, 0xfe, 0x0f, 0x00, 0xb7, 0x0f, 0xc9, 0x0f,
	  0xc0, 0x0f, 0x00, 0x00, 0x80, 0xa1, 0x05, 0x00, 0x56, 0x01, 0x00, 0x00,
	  0x00, 0x00, 0x01, 0x00, 0x80, 0x00, 0x04, 0x00, 0xff, 0xff, 0x0f, 0x00,
	  0x00, 0x00, 0x00, 0x00, 0x00, 0x00, 0x00, 0x00, 0x00, 0x00, 0x00, 0x00,
	  0x00, 0x01, 0x04, 0x00, 0x00, 0x01, 0x04, 0x00, 0x00, 0x01, 0x00, 0x00,
	  0x00, 0x58, 0x05, 0x00, 0xd1, 0xdd, 0x08, 0x00, 0xa8, 0xfe, 0x0f, 0x00,
	  0x00, 0x00, 0x00, 0x00, 0x00, 0x00, 0x00, 0x00, 0x7e, 0x01, 0x00, 0x00,
	  0x00, 0x00, 0x00, 0x00, 0x00, 0x00, 0x00, 0x00, 0x00, 0x00, 0x00, 0x00,
	  0x00, 0x00, 0x00, 0x00, 0x80, 0x00, 0x80, 0x00, 0xff, 0x03, 0x00, 0x00,
	  0xff, 0x03, 0x00, 0x00, 0xff, 0x03, 0x00, 0x00, 0xff, 0x03, 0x00, 0x00,
	  0xff, 0x03, 0x00, 0x00, 0xff, 0x03, 0x00, 0x00, 0xff, 0x03, 0x00, 0x00,
	  0xff, 0x03, 0x00, 0x00, 0xff, 0x03, 0x00, 0x00, 0xff, 0x03, 0x00, 0x00,
	  0xff, 0x03, 0x00, 0x00, 0xff, 0x03, 0x00, 0x00, 0xff, 0x03, 0x00, 0x00,
	  0xff, 0x03, 0x00, 0x00, 0xff, 0x03, 0x00, 0x00, 0xff, 0x03, 0x00, 0x00,
	  0xff, 0x03, 0x00, 0x00, 0xff, 0x03, 0x00, 0x00, 0xff, 0x03, 0x00, 0x00,
	  0xff, 0x03, 0x00, 0x00, 0xff, 0x03, 0x00, 0x00, 0xff, 0x03, 0x00, 0x00,
	  0xff, 0x03, 0x00, 0x00, 0xff, 0x03, 0x00, 0x00, 0xff, 0x03, 0x00, 0x00,
	  0xff, 0x03, 0x00, 0x00, 0xff, 0x03, 0x00, 0x00, 0xff, 0x03, 0x00, 0x00,
	  0xff, 0x03, 0x00, 0x00, 0xff, 0x03, 0x00, 0x00, 0xff, 0x03, 0x00, 0x00,
	  0xff, 0x03, 0x00, 0x00, 0xff, 0x03, 0x00, 0x00, 0xff, 0x03, 0x00, 0x00,
	  0xff, 0x03, 0x00, 0x00, 0xff, 0x03, 0x00, 0x00, 0xff, 0x03, 0x00, 0x00,
	  0xff, 0x03, 0x00, 0x00, 0xff, 0x03, 0x00, 0x00, 0xff, 0x03, 0x00, 0x00,
	  0xff, 0x03, 0x00, 0x00, 0xff, 0x03, 0x00, 0x00, 0xff, 0x03, 0x00, 0x00,
	  0xff, 0x03, 0x00, 0x00, 0xff, 0x03, 0x00, 0x00, 0xff, 0x03, 0x00, 0x00,
	  0xff, 0x03, 0x00, 0x00, 0xff, 0x03, 0x00, 0x00, 0xff, 0x03, 0x00, 0x00,
	  0xff, 0x03, 0x00, 0x00, 0xff, 0x03, 0x00, 0x00, 0xff, 0x03, 0x00, 0x00,
	  0xff, 0x03, 0x00, 0x00, 0xff, 0x03, 0x00, 0x00, 0xff, 0x03, 0x00, 0x00,
	  0xff, 0x03, 0x00, 0x00, 0xff, 0x03, 0x00, 0x00, 0xff, 0x03, 0x00, 0x00,
	  0xff, 0x03, 0x00, 0x00, 0xff, 0x03, 0x00, 0x00, 0xff, 0x03, 0x00, 0x00,
	  0xff, 0x03, 0x00, 0x00, 0xff, 0x03, 0x00, 0x00, 0xff, 0x03, 0x00, 0x00,
	  0xff, 0x03, 0x00, 0x00, 0xff, 0x03, 0x00, 0x00, 0xff, 0x03, 0x00, 0x00,
	  0xff, 0x03, 0x00, 0x00, 0xff, 0x03, 0x00, 0x00, 0xff, 0x03, 0x00, 0x00,
	  0xff, 0x03, 0x00, 0x00, 0xff, 0x03, 0x00, 0x00, 0xff, 0x03, 0x00, 0x00,
	  0xff, 0x03, 0x00, 0x00, 0xff, 0x03, 0x00, 0x00, 0xff, 0x03, 0x00, 0x00,
	  0xff, 0x03, 0x00, 0x00, 0xff, 0x03, 0x00, 0x00, 0xff, 0x03, 0x00, 0x00,
	  0xff, 0x03, 0x00, 0x00, 0xff, 0x03, 0x00, 0x00, 0xff, 0x03, 0x00, 0x00,
	  0xff, 0x03, 0x00, 0x00, 0xff, 0x03, 0x00, 0x00, 0xff, 0x03, 0x00, 0x00,
	  0xff, 0x03, 0x00, 0x00, 0xff, 0x03, 0x00, 0x00, 0xff, 0x03, 0x00, 0x00,
	  0xff, 0x03, 0x00, 0x00, 0xff, 0x03, 0x00, 0x00, 0xff, 0x03, 0x00, 0x00,
	  0xff, 0x03, 0x00, 0x00, 0xff, 0x03, 0x00, 0x00, 0xff, 0x03, 0x00, 0x00,
	  0xff, 0x03, 0x00, 0x00, 0xff, 0x03, 0x00, 0x00, 0x00, 0x00, 0x00, 0x00,
	  0x5c, 0x00, 0x00, 0x00, 0x00, 0x00, 0x00, 0x00, 0x00, 0x00, 0x00, 0x00,
	  0xff, 0x07, 0x00, 0x00, 0xff, 0x07, 0xff, 0x07, 0x30, 0x02, 0x00, 0x00,
	  0x30, 0x02, 0x30, 0x02, 0x36, 0x00, 0x00, 0x00, 0x00, 0x00, 0x14, 0x00,
	  0x69, 0x0c, 0x4c, 0x0e, 0xcf, 0x0a, 0x00, 0x00, 0x1a, 0x03, 0x93, 0x03,
	  0xb4, 0x02, 0x00, 0x00, 0xd7, 0x0b, 0xc3, 0x0d, 0x05, 0x00, 0x00, 0x00,
	  0xfc, 0x48, 0x83, 0x07, 0x2d, 0x28, 0x10, 0x00, 0x0a, 0x00, 0x00, 0x00,
	  0x6b, 0x00, 0x00, 0x00, 0xff, 0x03, 0x00, 0x00, 0x6b, 0x00, 0x00, 0x00,
	  0xff, 0x03, 0x00, 0x00, 0x3f, 0x00, 0x00, 0x00, 0x00, 0x00, 0x01, 0x08,
	  0x00, 0xfd, 0x0f, 0x00, 0xc0, 0xf9, 0xb0, 0xfc, 0xd0, 0xfd, 0x0c, 0xff,
	  0x96, 0xc9, 0x04, 0x00, 0xfd, 0xdc, 0x02, 0x00, 0x00, 0x00, 0x01, 0x08,
	  0x00, 0xfd, 0x0f, 0x00, 0x00, 0x00, 0x00, 0x00, 0x00, 0x00, 0x00, 0x00,
	  0x00, 0x00, 0x00, 0x00, 0x00, 0x00, 0x00, 0x00, 0x00, 0x00, 0x01, 0x08,
	  0x00, 0xfd, 0x0f, 0x00, 0x00, 0x00, 0x00, 0x00, 0x00, 0x00, 0x00, 0x00,
	  0x00, 0x00, 0x00, 0x00, 0x00, 0x00, 0x00, 0x00, 0x00, 0x00, 0x01, 0x08,
	  0x00, 0xfd, 0x0f, 0x00, 0x10, 0xfa, 0x00, 0xfd, 0x20, 0xfe, 0x36, 0xff,
	  0x62, 0x0d, 0x04, 0x00, 0xd3, 0x5c, 0x02, 0x00, 0x00, 0x00, 0x01, 0x08,
	  0x00, 0xfd, 0x0f, 0x00, 0x00, 0x00, 0x00, 0x00, 0x00, 0x00, 0x00, 0x00,
	  0x00, 0x00, 0x00, 0x00, 0x00, 0x00, 0x00, 0x00, 0x00, 0x00, 0x01, 0x08,
	  0x00, 0xfd, 0x0f, 0x00, 0x00, 0x00, 0x00, 0x00, 0x00, 0x00, 0x00, 0x00,
	  0x00, 0x00, 0x00, 0x00, 0x00, 0x00, 0x00, 0x00, 0x00, 0x00, 0x01, 0x08,
	  0x00, 0xfd, 0x0f, 0x00, 0x80, 0xf8, 0xc0, 0xfc, 0x30, 0xfe, 0x4d, 0xff,
	  0x6c, 0xd1, 0x03, 0x00, 0xc0, 0x18, 0x02, 0x00, 0x00, 0x00, 0x01, 0x08,
	  0x00, 0xfd, 0x0f, 0x00, 0x00, 0x00, 0x00, 0x00, 0x00, 0x00, 0x00, 0x00,
	  0x00, 0x00, 0x00, 0x00, 0x00, 0x00, 0x00, 0x00, 0x00, 0x00, 0x01, 0x08,
	  0x00, 0xfd, 0x0f, 0x00, 0x00, 0x00, 0x00, 0x00, 0x00, 0x00, 0x00, 0x00,
	  0x00, 0x00, 0x00, 0x00, 0x00, 0x00, 0x00, 0x00, 0x00, 0x54, 0x05, 0x00,
	  0xaa, 0xfe, 0x0f, 0x00, 0xb7, 0x0f, 0xc9, 0x0f, 0xc0, 0x0f, 0x00, 0x00,
	  0x80, 0xa1, 0x05, 0x00, 0x56, 0x01, 0x00, 0x00, 0x00, 0x00, 0x01, 0x00,
	  0x80, 0x00, 0x04, 0x00, 0xff, 0xff, 0x0f, 0x00, 0x00, 0x00, 0x00, 0x00,
	  0x00, 0x00, 0x00, 0x00, 0x00, 0x00, 0x00, 0x00, 0x00, 0x01, 0x04, 0x00,
	  0x00, 0x01, 0x04, 0x00, 0x00, 0x01, 0x00, 0x00, 0x00, 0x58, 0x05, 0x00,
	  0xd1, 0xdd, 0x08, 0x00, 0xa8, 0xfe, 0x0f, 0x00, 0x00, 0x00, 0x00, 0x00,
	  0x00, 0x00, 0x00, 0x00, 0x7e, 0x01, 0x00, 0x00, 0x00, 0x00, 0x00, 0x00,
	  0x00, 0x00, 0x00, 0x00, 0x00, 0x00, 0x00, 0x00, 0x00, 0x00, 0x00, 0x00,
	  0x80, 0x00, 0x80, 0x00, 0xff, 0x03, 0x00, 0x00, 0xff, 0x03, 0x00, 0x00,
	  0xff, 0x03, 0x00, 0x00, 0xff, 0x03, 0x00, 0x00, 0xff, 0x03, 0x00, 0x00,
	  0xff, 0x03, 0x00, 0x00, 0xff, 0x03, 0x00, 0x00, 0xff, 0x03, 0x00, 0x00,
	  0xff, 0x03, 0x00, 0x00, 0xff, 0x03, 0x00, 0x00, 0xff, 0x03, 0x00, 0x00,
	  0xff, 0x03, 0x00, 0x00, 0xff, 0x03, 0x00, 0x00, 0xff, 0x03, 0x00, 0x00,
	  0xff, 0x03, 0x00, 0x00, 0xff, 0x03, 0x00, 0x00, 0xff, 0x03, 0x00, 0x00,
	  0xff, 0x03, 0x00, 0x00, 0xff, 0x03, 0x00, 0x00, 0xff, 0x03, 0x00, 0x00,
	  0xff, 0x03, 0x00, 0x00, 0xff, 0x03, 0x00, 0x00, 0xff, 0x03, 0x00, 0x00,
	  0xff, 0x03, 0x00, 0x00, 0xff, 0x03, 0x00, 0x00, 0xff, 0x03, 0x00, 0x00,
	  0xff, 0x03, 0x00, 0x00, 0xff, 0x03, 0x00, 0x00, 0xff, 0x03, 0x00, 0x00,
	  0xff, 0x03, 0x00, 0x00, 0xff, 0x03, 0x00, 0x00, 0xff, 0x03, 0x00, 0x00,
	  0xff, 0x03, 0x00, 0x00, 0xff, 0x03, 0x00, 0x00, 0xff, 0x03, 0x00, 0x00,
	  0xff, 0x03, 0x00, 0x00, 0xff, 0x03, 0x00, 0x00, 0xff, 0x03, 0x00, 0x00,
	  0xff, 0x03, 0x00, 0x00, 0xff, 0x03, 0x00, 0x00, 0xff, 0x03, 0x00, 0x00,
	  0xff, 0x03, 0x00, 0x00, 0xff, 0x03, 0x00, 0x00, 0xff, 0x03, 0x00, 0x00,
	  0xff, 0x03, 0x00, 0x00, 0xff, 0x03, 0x00, 0x00, 0xff, 0x03, 0x00, 0x00,
	  0xff, 0x03, 0x00, 0x00, 0xff, 0x03, 0x00, 0x00, 0xff, 0x03, 0x00, 0x00,
	  0xff, 0x03, 0x00, 0x00, 0xff, 0x03, 0x00, 0x00, 0xff, 0x03, 0x00, 0x00,
	  0xff, 0x03, 0x00, 0x00, 0xff, 0x03, 0x00, 0x00, 0xff, 0x03, 0x00, 0x00,
	  0xff, 0x03, 0x00, 0x00, 0xff, 0x03, 0x00, 0x00, 0xff, 0x03, 0x00, 0x00,
	  0xff, 0x03, 0x00, 0x00, 0xff, 0x03, 0x00, 0x00, 0xff, 0x03, 0x00, 0x00,
	  0xff, 0x03, 0x00, 0x00, 0xff, 0x03, 0x00, 0x00, 0xff, 0x03, 0x00, 0x00,
	  0xff, 0x03, 0x00, 0x00, 0xff, 0x03, 0x00, 0x00, 0xff, 0x03, 0x00, 0x00,
	  0xff, 0x03, 0x00, 0x00, 0xff, 0x03, 0x00, 0x00, 0xff, 0x03, 0x00, 0x00,
	  0xff, 0x03, 0x00, 0x00, 0xff, 0x03, 0x00, 0x00, 0xff, 0x03, 0x00, 0x00,
	  0xff, 0x03, 0x00, 0x00, 0xff, 0x03, 0x00, 0x00, 0xff, 0x03, 0x00, 0x00,
	  0xff, 0x03, 0x00, 0x00, 0xff, 0x03, 0x00, 0x00, 0xff, 0x03, 0x00, 0x00,
	  0xff, 0x03, 0x00, 0x00, 0xff, 0x03, 0x00, 0x00, 0xff, 0x03, 0x00, 0x00,
	  0xff, 0x03, 0x00, 0x00, 0xff, 0x03, 0x00, 0x00, 0xff, 0x03, 0x00, 0x00,
	  0xff, 0x03, 0x00, 0x00, 0xff, 0x03, 0x00, 0x00, 0xff, 0x03, 0x00, 0x00,
	  0xff, 0x03, 0x00, 0x00, 0xff, 0x03, 0x00, 0x00, 0xff, 0x03, 0x00, 0x00,
	  0xff, 0x03, 0x00, 0x00, 0xff, 0x03, 0x00, 0x00, 0xff, 0x03, 0x00, 0x00,
	  0xff, 0x03, 0x00, 0x00, 0x00, 0x00, 0x00, 0x00, 0xa8, 0x13, 0x00, 0x00,
	  0x7e, 0x39, 0x00, 0x00, 0xb6, 0x00, 0x00, 0x00, 0x6d, 0x01, 0x00, 0x00,
	  0xb6, 0x00, 0x00, 0x00, 0x03, 0x33, 0x00, 0x00, 0x58, 0x06, 0xbf, 0x04,
	  0x82, 0x01, 0x5a, 0x3f, 0x39, 0x3f, 0x00, 0x00, 0x75, 0x02, 0x50, 0x02,
	  0xeb, 0x01, 0x5f, 0x01, 0xce, 0x00, 0x56, 0x00, 0x08, 0x00, 0x00, 0x00,
	  0x01, 0x00, 0x00, 0x00, 0xab, 0x0a, 0xcb, 0x09, 0xab, 0x07, 0x0b, 0x05,
	  0xab, 0x02, 0x20, 0x01, 0x55, 0x00, 0x0b, 0x00, 0x00, 0x00, 0x00, 0x00,
	  0x00, 0x10, 0x40, 0x0e, 0x00, 0x0a, 0xc0, 0x04, 0x00, 0x00, 0xc0, 0x3d,
	  0x00, 0x3e, 0x40, 0x3f, 0x00, 0x00, 0x00, 0x00, 0x0c, 0x00, 0x00, 0x00,
	  0x00, 0x00, 0x00, 0x00, 0x00, 0x00, 0x00, 0x00, 0xff, 0x07, 0x00, 0x00,
	  0xff, 0x07, 0xff, 0x07, 0x75, 0x02, 0x00, 0x00, 0x75, 0x02, 0x75, 0x02,
	  0x36, 0x00, 0x00, 0x00, 0x93, 0x2b, 0xc4, 0x2c, 0xdc, 0x1a, 0x00, 0x00,
	  0xe5, 0x0a, 0x31, 0x0b, 0xb7, 0x06, 0x00, 0x00, 0xd9, 0x0e, 0x6d, 0x0f,
	  0x05, 0x00, 0x00, 0x00, 0x14, 0x3c, 0x60, 0x00, 0x01, 0x00, 0x00, 0x00,
	  0x06, 0x00, 0x00, 0x00, 0x3f, 0x00, 0x00, 0x00, 0x00, 0x00, 0x01, 0x08,
	  0x00, 0xfd, 0x0f, 0x00, 0x50, 0xfd, 0x50, 0xfd, 0xb8, 0xfd, 0xe5, 0xfe,
	  0x73, 0x21, 0x05, 0x00, 0x1d, 0x51, 0x03, 0x00, 0x00, 0x00, 0x01, 0x08,
	  0x00, 0xfd, 0x0f, 0x00, 0x00, 0x00, 0x00, 0x00, 0x00, 0x00, 0x00, 0x00,
	  0x00, 0x00, 0x00, 0x00, 0x00, 0x00, 0x00, 0x00, 0x00, 0x00, 0x01, 0x08,
	  0x00, 0xfd, 0x0f, 0x00, 0x00, 0x00, 0x00, 0x00, 0x00, 0x00, 0x00, 0x00,
	  0x00, 0x00, 0x00, 0x00, 0x00, 0x00, 0x00, 0x00, 0x00, 0x00, 0x01, 0x08,
	  0x00, 0xfd, 0x0f, 0x00, 0xa0, 0xf9, 0x20, 0xfd, 0x28, 0xfe, 0x3e, 0xff,
	  0x60, 0xe9, 0x03, 0x00, 0xcc, 0x44, 0x02, 0x00, 0x00, 0x00, 0x01, 0x08,
	  0x00, 0xfd, 0x0f, 0x00, 0x00, 0x00, 0x00, 0x00, 0x00, 0x00, 0x00, 0x00,
	  0x00, 0x00, 0x00, 0x00, 0x00, 0x00, 0x00, 0x00, 0x00, 0x00, 0x01, 0x08,
	  0x00, 0xfd, 0x0f, 0x00, 0x00, 0x00, 0x00, 0x00, 0x00, 0x00, 0x00, 0x00,
	  0x00, 0x00, 0x00, 0x00, 0x00, 0x00, 0x00, 0x00, 0x00, 0x00, 0x01, 0x08,
	  0x00, 0xfd, 0x0f, 0x00, 0x20, 0xf9, 0xb0, 0xfc, 0x20, 0xfe, 0x35, 0xff,
	  0x77, 0x25, 0x04, 0x00, 0xd4, 0x60, 0x02, 0x00, 0x00, 0x00, 0x01, 0x08,
	  0x00, 0xfd, 0x0f, 0x00, 0x00, 0x00, 0x00, 0x00, 0x00, 0x00, 0x00, 0x00,
	  0x00, 0x00, 0x00, 0x00, 0x00, 0x00, 0x00, 0x00, 0x00, 0x00, 0x01, 0x08,
	  0x00, 0xfd, 0x0f, 0x00, 0x00, 0x00, 0x00, 0x00, 0x00, 0x00, 0x00, 0x00,
	  0x00, 0x00, 0x00, 0x00, 0x00, 0x00, 0x00, 0x00, 0x00, 0x54, 0x05, 0x00,
	  0xaa, 0xfe, 0x0f, 0x00, 0xb7, 0x0f, 0xc9, 0x0f, 0xc0, 0x0f, 0x00, 0x00,
	  0x80, 0xa1, 0x05, 0x00, 0x56, 0x01, 0x00, 0x00, 0x00, 0x00, 0x01, 0x00,
	  0x80, 0x00, 0x04, 0x00, 0xff, 0xff, 0x0f, 0x00, 0x00, 0x00, 0x00, 0x00,
	  0x00, 0x00, 0x00, 0x00, 0x00, 0x00, 0x00, 0x00, 0x00, 0x01, 0x04, 0x00,
	  0x00, 0x01, 0x04, 0x00, 0x00, 0x01, 0x00, 0x00, 0x00, 0x00, 0x00, 0x00,
	  0x80, 0x00, 0x80, 0x00, 0xff, 0x03, 0x00, 0x00, 0xff, 0x03, 0x00, 0x00,
	  0xff, 0x03, 0x00, 0x00, 0xff, 0x03, 0x00, 0x00, 0xff, 0x03, 0x00, 0x00,
	  0xff, 0x03, 0x00, 0x00, 0xff, 0x03, 0x00, 0x00, 0xff, 0x03, 0x00, 0x00,
	  0xff, 0x03, 0x00, 0x00, 0xff, 0x03, 0x00, 0x00, 0xff, 0x03, 0x00, 0x00,
	  0xff, 0x03, 0x00, 0x00, 0xff, 0x03, 0x00, 0x00, 0xff, 0x03, 0x00, 0x00,
	  0xff, 0x03, 0x00, 0x00, 0xff, 0x03, 0x00, 0x00, 0xff, 0x03, 0x00, 0x00,
	  0xff, 0x03, 0x00, 0x00, 0xff, 0x03, 0x00, 0x00, 0xff, 0x03, 0x00, 0x00,
	  0xff, 0x03, 0x00, 0x00, 0xff, 0x03, 0x00, 0x00, 0xff, 0x03, 0x00, 0x00,
	  0xff, 0x03, 0x00, 0x00, 0xff, 0x03, 0x00, 0x00, 0xff, 0x03, 0x00, 0x00,
	  0xff, 0x03, 0x00, 0x00, 0xff, 0x03, 0x00, 0x00, 0xff, 0x03, 0x00, 0x00,
	  0xff, 0x03, 0x00, 0x00, 0xff, 0x03, 0x00, 0x00, 0xff, 0x03, 0x00, 0x00,
	  0xff, 0x03, 0x00, 0x00, 0xff, 0x03, 0x00, 0x00, 0xff, 0x03, 0x00, 0x00,
	  0xff, 0x03, 0x00, 0x00, 0xff, 0x03, 0x00, 0x00, 0xff, 0x03, 0x00, 0x00,
	  0xff, 0x03, 0x00, 0x00, 0xff, 0x03, 0x00, 0x00, 0xff, 0x03, 0x00, 0x00,
	  0xff, 0x03, 0x00, 0x00, 0xff, 0x03, 0x00, 0x00, 0xff, 0x03, 0x00, 0x00,
	  0xff, 0x03, 0x00, 0x00, 0xff, 0x03, 0x00, 0x00, 0xff, 0x03, 0x00, 0x00,
	  0xff, 0x03, 0x00, 0x00, 0xff, 0x03, 0x00, 0x00, 0xff, 0x03, 0x00, 0x00,
	  0xff, 0x03, 0x00, 0x00, 0xff, 0x03, 0x00, 0x00, 0xff, 0x03, 0x00, 0x00,
	  0xff, 0x03, 0x00, 0x00, 0xff, 0x03, 0x00, 0x00, 0xff, 0x03, 0x00, 0x00,
	  0xff, 0x03, 0x00, 0x00, 0xff, 0x03, 0x00, 0x00, 0xff, 0x03, 0x00, 0x00,
	  0xff, 0x03, 0x00, 0x00, 0xff, 0x03, 0x00, 0x00, 0xff, 0x03, 0x00, 0x00,
	  0xff, 0x03, 0x00, 0x00, 0xff, 0x03, 0x00, 0x00, 0xff, 0x03, 0x00, 0x00,
	  0xff, 0x03, 0x00, 0x00, 0xff, 0x03, 0x00, 0x00, 0xff, 0x03, 0x00, 0x00,
	  0xff, 0x03, 0x00, 0x00, 0xff, 0x03, 0x00, 0x00, 0xff, 0x03, 0x00, 0x00,
	  0xff, 0x03, 0x00, 0x00, 0xff, 0x03, 0x00, 0x00, 0xff, 0x03, 0x00, 0x00,
	  0xff, 0x03, 0x00, 0x00, 0xff, 0x03, 0x00, 0x00, 0xff, 0x03, 0x00, 0x00,
	  0xff, 0x03, 0x00, 0x00, 0xff, 0x03, 0x00, 0x00, 0xff, 0x03, 0x00, 0x00,
	  0xff, 0x03, 0x00, 0x00, 0xff, 0x03, 0x00, 0x00, 0xff, 0x03, 0x00, 0x00,
	  0xff, 0x03, 0x00, 0x00, 0xff, 0x03, 0x00, 0x00, 0xff, 0x03, 0x00, 0x00,
	  0xff, 0x03, 0x00, 0x00, 0xff, 0x03, 0x00, 0x00, 0xff, 0x03, 0x00, 0x00,
	  0xff, 0x03, 0x00, 0x00, 0xff, 0x03, 0x00, 0x00, 0xff, 0x03, 0x00, 0x00,
	  0xff, 0x03, 0x00, 0x00, 0xff, 0x03, 0x00, 0x00, 0xff, 0x03, 0x00, 0x00,
	  0xff, 0x03, 0x00, 0x00, 0x01, 0x00, 0x00, 0x00, 0x00, 0x08, 0x00, 0x00,
	  0x00, 0x10, 0x00, 0x08, 0x62, 0x7e, 0x3f, 0x7b, 0x00, 0x08, 0x00, 0x10,
	  0x00, 0x00, 0x00, 0x00, 0x00, 0x00, 0x00, 0x00, 0x00, 0x00, 0x00, 0x00,
	  0x00, 0x00, 0x00, 0x00, 0x00, 0x08, 0x00, 0x08, 0x00, 0x08, 0x00, 0x08,
	  0x00, 0x08, 0x00, 0x08, 0x00, 0x08, 0x00, 0x08, 0x00, 0x08, 0x00, 0x08,
	  0x00, 0x08, 0x00, 0x08, 0x00, 0x08, 0x00, 0x08, 0x00, 0x08, 0x00, 0x08,
	  0x00, 0x08, 0x80, 0x08, 0x00, 0x09, 0x80, 0x09, 0x00, 0x0a, 0x80, 0x0a,
	  0x00, 0x0b, 0x80, 0x0b, 0x00, 0x0c, 0x80, 0x0c, 0x00, 0x0d, 0x80, 0x0d,
	  0x00, 0x0e, 0x80, 0x0e, 0x00, 0x0f, 0x80, 0x0f, 0x00, 0x10, 0x80, 0x10,
	  0x00, 0x11, 0x80, 0x11, 0x00, 0x12, 0x80, 0x12, 0x00, 0x13, 0x80, 0x13,
	  0x00, 0x14, 0x80, 0x14, 0x00, 0x15, 0x80, 0x15, 0x00, 0x16, 0x80, 0x16,
	  0x00, 0x17, 0x80, 0x17, 0x00, 0x18, 0x80, 0x18, 0x00, 0x19, 0x80, 0x19,
	  0x00, 0x1a, 0x80, 0x1a, 0x00, 0x1b, 0x80, 0x1b, 0x00, 0x1c, 0x80, 0x1c,
	  0x00, 0x1d, 0x80, 0x1d, 0x00, 0x1e, 0x80, 0x1e, 0x00, 0x1f, 0x80, 0x1f,
	  0x00, 0x20, 0x80, 0x20, 0x00, 0x21, 0x80, 0x21, 0x00, 0x22, 0x80, 0x22,
	  0x00, 0x23, 0x80, 0x23, 0x00, 0x24, 0x80, 0x24, 0x00, 0x25, 0x80, 0x25,
	  0x00, 0x26, 0x80, 0x26, 0x00, 0x27, 0x80, 0x27, 0x00, 0x28, 0x80, 0x28,
	  0x00, 0x29, 0x80, 0x29, 0x00, 0x2a, 0x80, 0x2a, 0x00, 0x2b, 0x80, 0x2b,
	  0x00, 0x2c, 0x80, 0x2c, 0x00, 0x2d, 0x80, 0x2d, 0x00, 0x2e, 0x80, 0x2e,
	  0x00, 0x2f, 0x80, 0x2f, 0x00, 0x30, 0x80, 0x30, 0x00, 0x31, 0x80, 0x31,
	  0x00, 0x32, 0x80, 0x32, 0x00, 0x33, 0x80, 0x33, 0x00, 0x34, 0x80, 0x34,
	  0x00, 0x35, 0x80, 0x35, 0x00, 0x36, 0x80, 0x36, 0x00, 0x37, 0x80, 0x37,
	  0x00, 0x38, 0x80, 0x38, 0x00, 0x39, 0x80, 0x39, 0x00, 0x3a, 0x80, 0x3a,
	  0x00, 0x3b, 0x80, 0x3b, 0x00, 0x3c, 0x80, 0x3c, 0x00, 0x3d, 0x80, 0x3d,
	  0x00, 0x3e, 0x80, 0x3e, 0x00, 0x3f, 0x80, 0x3f, 0x00, 0x40, 0x80, 0x40,
	  0x00, 0x41, 0x80, 0x41, 0x00, 0x42, 0x80, 0x42, 0x00, 0x43, 0x80, 0x43,
	  0x00, 0x44, 0x80, 0x44, 0x00, 0x45, 0x80, 0x45, 0x00, 0x46, 0x80, 0x46,
	  0x00, 0x47, 0x80, 0x47, 0x00, 0x48, 0x80, 0x48, 0x00, 0x49, 0x80, 0x49,
	  0x00, 0x4a, 0x80, 0x4a, 0x00, 0x4b, 0x80, 0x4b, 0x00, 0x4c, 0x80, 0x4c,
	  0x00, 0x4d, 0x80, 0x4d, 0x00, 0x4e, 0x80, 0x4e, 0x00, 0x4f, 0x80, 0x4f,
	  0x00, 0x50, 0x80, 0x50, 0x00, 0x51, 0x80, 0x51, 0x00, 0x52, 0x80, 0x52,
	  0x00, 0x53, 0x80, 0x53, 0x00, 0x54, 0x80, 0x54, 0x00, 0x55, 0x80, 0x55,
	  0x00, 0x56, 0x80, 0x56, 0x00, 0x57, 0x80, 0x57, 0x00, 0x58, 0x80, 0x58,
	  0x00, 0x59, 0x80, 0x59, 0x00, 0x5a, 0x80, 0x5a, 0x00, 0x5b, 0x80, 0x5b,
	  0x00, 0x5c, 0x80, 0x5c, 0x00, 0x5d, 0x80, 0x5d, 0x00, 0x5e, 0x80, 0x5e,
	  0x00, 0x5f, 0x80, 0x5f, 0x00, 0x60, 0x80, 0x60, 0x00, 0x61, 0x80, 0x61,
	  0x00, 0x62, 0x80, 0x62, 0x00, 0x63, 0x80, 0x63, 0x00, 0x64, 0x80, 0x64,
	  0x00, 0x65, 0x80, 0x65, 0x00, 0x66, 0x80, 0x66, 0x00, 0x67, 0x80, 0x67,
	  0x00, 0x68, 0x80, 0x68, 0x00, 0x69, 0x80, 0x69, 0x00, 0x6a, 0x80, 0x6a,
	  0x00, 0x6b, 0x80, 0x6b, 0x00, 0x6c, 0x80, 0x6c, 0x00, 0x6d, 0x80, 0x6d,
	  0x00, 0x6e, 0x80, 0x6e, 0x00, 0x6f, 0x80, 0x6f, 0x00, 0x70, 0x80, 0x70,
	  0x00, 0x71, 0x80, 0x71, 0x00, 0x72, 0x80, 0x72, 0x00, 0x73, 0x80, 0x73,
	  0x00, 0x74, 0x80, 0x74, 0x00, 0x75, 0x80, 0x75, 0x00, 0x76, 0x80, 0x76,
	  0x00, 0x77, 0x80, 0x77, 0x00, 0x78, 0x80, 0x78, 0x00, 0x79, 0x80, 0x79,
	  0x00, 0x7a, 0x80, 0x7a, 0x00, 0x7b, 0x80, 0x7b, 0x00, 0x7c, 0x80, 0x7c,
	  0x00, 0x7d, 0x80, 0x7d, 0x00, 0x7e, 0x80, 0x7e, 0x00, 0x7f, 0x7f, 0x7f,
	  0xff, 0x7f, 0xff, 0x7f, 0xff, 0x7f, 0xff, 0x7f, 0xff, 0x7f, 0xff, 0x7f,
	  0xff, 0x7f, 0xff, 0x7f, 0xff, 0x7f, 0xff, 0x7f, 0xff, 0x7f, 0xff, 0x7f,
	  0xff, 0x7f, 0xff, 0x7f, 0xff, 0x7f, 0xff, 0x7f, 0xff, 0x7f, 0xff, 0x7f,
	  0xff, 0x7f, 0xff, 0x7f, 0xff, 0x7f, 0xff, 0x7f, 0xff, 0x7f, 0xff, 0x7f,
	  0xff, 0x7f, 0xff, 0x7f, 0xff, 0x7f, 0xff, 0x7f, 0xff, 0x7f, 0xff, 0x7f,
	  0xff, 0x7f, 0x00, 0x00, 0xff, 0x7f, 0xff, 0x7f, 0xff, 0x7f, 0xff, 0x7f,
	  0xff, 0x7f, 0xff, 0x7f, 0xff, 0x7f, 0xff, 0x7f, 0xff, 0x7f, 0x00, 0x00,
	  0xff, 0x7f, 0xff, 0x7f, 0xff, 0x7f, 0xff, 0x7f, 0xff, 0x7f, 0xff, 0x7f,
	  0xff, 0x7f, 0xff, 0x7f, 0xff, 0x7f, 0x00, 0x00, 0xff, 0x7f, 0xff, 0x7f,
	  0xff, 0x7f, 0xff, 0x7f, 0xff, 0x7f, 0xff, 0x7f, 0xff, 0x7f, 0xff, 0x7f,
	  0xff, 0x7f, 0xff, 0x7f, 0xff, 0x7f, 0xff, 0x7f, 0xff, 0x7f, 0xff, 0x7f,
	  0xff, 0x7f, 0xff, 0x7f, 0xff, 0x7f, 0xff, 0x7f, 0xff, 0x7f, 0xff, 0x7f,
	  0xff, 0x7f, 0xff, 0x7f, 0xff, 0x7f, 0xff, 0x7f, 0xff, 0x7f, 0xff, 0x7f,
	  0xff, 0x7f, 0x00, 0x00, 0xff, 0x7f, 0xff, 0x7f, 0xff, 0x7f, 0xff, 0x7f,
	  0xff, 0x7f, 0xff, 0x7f, 0xff, 0x7f, 0xff, 0x7f, 0xff, 0x7f, 0x00, 0x00,
	  0xff, 0x7f, 0xff, 0x7f, 0xff, 0x7f, 0xff, 0x7f, 0xff, 0x7f, 0xff, 0x7f,
	  0xff, 0x7f, 0xff, 0x7f, 0xff, 0x7f, 0x00, 0x00, 0xff, 0x7f, 0xff, 0x7f,
	  0xff, 0x7f, 0xff, 0x7f, 0xff, 0x7f, 0xff, 0x7f, 0xff, 0x7f, 0xff, 0x7f,
	  0xff, 0x7f, 0xff, 0x7f, 0xff, 0x7f, 0xff, 0x7f, 0xff, 0x7f, 0xff, 0x7f,
	  0xff, 0x7f, 0xff, 0x7f, 0xff, 0x7f, 0xff, 0x7f, 0xff, 0x7f, 0x00, 0x00,
	  0xff, 0x7f, 0xff, 0x7f, 0xff, 0x7f, 0xff, 0x7f, 0xff, 0x7f, 0xff, 0x7f,
	  0xff, 0x7f, 0xff, 0x7f, 0xff, 0x7f, 0x00, 0x00, 0x3e, 0x20, 0x00, 0x00,
	  0x00, 0x00, 0x07, 0x00, 0x00, 0x10, 0x07, 0x02, 0x00, 0x20, 0x07, 0x04,
	  0x00, 0x30, 0x07, 0x06, 0x00, 0x40, 0x07, 0x08, 0x00, 0x50, 0x07, 0x0a,
	  0x00, 0x60, 0x07, 0x0c, 0x00, 0x70, 0x07, 0x0e, 0x19, 0x60, 0x00, 0x00,
	  0x00, 0x00, 0x29, 0x00, 0x51, 0x00, 0x7a, 0x00, 0xa3, 0x00, 0xf5, 0x00,
	  0x47, 0x01, 0x99, 0x01, 0xff, 0x0f, 0x00, 0x00, 0x7d, 0x0c, 0x87, 0x0c,
	  0x7d, 0x0c, 0x7d, 0x0c, 0x41, 0x06, 0x41, 0x06, 0x3e, 0x06, 0x23, 0x00,
	  0x00, 0x00, 0x99, 0x01, 0x33, 0x03, 0xcc, 0x04, 0x66, 0x06, 0x99, 0x09,
	  0xcc, 0x0c, 0x66, 0x0e, 0xff, 0x0f, 0x00, 0x00, 0x40, 0x01, 0x40, 0x01,
	  0x40, 0x01, 0x40, 0x01, 0xa0, 0x00, 0xa0, 0x00, 0x40, 0x01, 0x40, 0x01,
	  0x00, 0x00, 0x00, 0x00, 0x00, 0x00, 0x00, 0x00, 0x55, 0x50, 0x05, 0x55,
	  0x00, 0x02, 0x00, 0x04, 0x00, 0x06, 0x00, 0x08, 0x00, 0x0a, 0x00, 0x0c,
	  0x00, 0x0e, 0x00, 0x10, 0x00, 0x12, 0x00, 0x14, 0x00, 0x16, 0x00, 0x18,
	  0x00, 0x1a, 0x00, 0x1c, 0x00, 0x1e, 0x00, 0x20, 0x00, 0x22, 0x00, 0x24,
	  0x00, 0x26, 0x00, 0x28, 0x00, 0x2a, 0x00, 0x2c, 0x00, 0x2e, 0x00, 0x2f,
	  0x20, 0x88, 0x41, 0x0a, 0xe6, 0xa0, 0xa4, 0x16, 0xac, 0xb9, 0x07, 0x23,
	  0x72, 0xd2, 0x6a, 0x2f, 0x17, 0x00, 0x00, 0x00, 0xad, 0x0b, 0x56, 0x3e,
	  0x1b, 0x3e, 0x4a, 0x3f, 0xf1, 0x0a, 0xc6, 0x3d, 0x35, 0x3f, 0xa3, 0x3e,
	  0xc1, 0x09, 0x8f, 0x0b, 0xc7, 0x3e, 0xc8, 0x3d, 0xf9, 0x3f, 0x60, 0x08,
	  0xa7, 0x3f, 0x4c, 0x3f, 0x4d, 0x3e, 0x00, 0x0a, 0xdb, 0x0c, 0x30, 0x3c,
	  0x14, 0x3f, 0x71, 0x3e, 0x72, 0x0b, 0x1e, 0x3e, 0x38, 0x01, 0x75, 0x3a,
	  0xec, 0x0b, 0xd9, 0x0d, 0xd3, 0x3a, 0x71, 0x3f, 0xe8, 0x00, 0x14, 0x08,
	  0x05, 0x3f, 0x5d, 0x3f, 0xfe, 0x3c, 0x3e, 0x0b, 0x99, 0x0c, 0x14, 0x3c,
	  0x71, 0x3f, 0xe4, 0x3b, 0x18, 0x0d, 0x05, 0x3f, 0x5a, 0x05, 0x00, 0x37,
	  0x3e, 0x0b, 0x00, 0x10, 0x96, 0x39, 0x88, 0x3e, 0x4d, 0x3f, 0x99, 0x0a,
	  0x1b, 0x3e, 0x01, 0x01, 0x2f, 0x3a, 0x68, 0x0c, 0xf8, 0x0e, 0x1a, 0x3a,
	  0x0b, 0x3f, 0xd5, 0x01, 0x55, 0x09, 0xd7, 0x3c, 0x8c, 0x3f, 0xe9, 0x3a,
	  0x23, 0x0d, 0xc6, 0x0d, 0x6c, 0x3a, 0xeb, 0x3f, 0x69, 0x01, 0x72, 0x09,
	  0x26, 0x3d, 0xc5, 0x00, 0x96, 0x3a, 0x3e, 0x0c, 0x7a, 0x0f, 0x6c, 0x3a,
	  0x38, 0x3e, 0x56, 0x3e, 0x72, 0x09, 0x3a, 0x00, 0x0f, 0x00, 0x96, 0x3a,
	  0xf4, 0x0c, 0x6d, 0x0f, 0x68, 0x3a, 0x49, 0x3e, 0xac, 0x3e, 0x91, 0x09,
	  0xc4, 0x3f, 0xbe, 0x3f, 0x78, 0x3a, 0x63, 0x0d, 0x97, 0x0f, 0x92, 0x3a,
	  0xf5, 0x3d, 0x7e, 0x3e, 0x63, 0x09, 0x1f, 0x00, 0xc2, 0x3f, 0x7c, 0x3a,
	  0x5b, 0x0d, 0xe4, 0x0f, 0x63, 0x3b, 0xd7, 0x3c, 0x55, 0x3f, 0xae, 0x0b,
	  0xfe, 0x3c, 0xa6, 0x3f, 0x30, 0x3a, 0xc3, 0x0d, 0xe4, 0x0f, 0x7a, 0x39,
	  0xc0, 0x3e, 0x55, 0x3f, 0x7e, 0x09, 0x2e, 0x3f, 0xa6, 0x3f, 0x1a, 0x3e,
	  0xd9, 0x09, 0x5d, 0x10, 0xb7, 0x37, 0x0a, 0x00, 0x12, 0x3f, 0x78, 0x0a,
	  0x77, 0x3e, 0x82, 0x00, 0xe4, 0x3a, 0x33, 0x0c, 0x16, 0x10, 0x45, 0x38,
	  0xc3, 0x3f, 0x39, 0x3f, 0x29, 0x0a, 0x9e, 0x3e, 0xa1, 0x00, 0xa6, 0x3a,
	  0x52, 0x0c, 0xd6, 0x0d, 0x58, 0x3b, 0xf0, 0x3e, 0x0d, 0x3f, 0x66, 0x0a,
	  0x8e, 0x3e, 0x6a, 0x3f, 0x4e, 0x3c, 0xe0, 0x0b, 0x67, 0x0d, 0xc6, 0x3b,
	  0xf0, 0x3e, 0x12, 0x3f, 0x61, 0x0a, 0x8e, 0x3e, 0x8e, 0x3f, 0x2b, 0x3c,
	  0xe0, 0x0b, 0x96, 0x10, 0x72, 0x39, 0x16, 0x3e, 0x09, 0x3d, 0xde, 0x0b,
	  0x1a, 0x3f, 0x5e, 0x3e, 0x0a, 0x3d, 0x32, 0x0c, 0x1f, 0x0d, 0x2d, 0x3b,
	  0xd1, 0x3f, 0x5f, 0x3c, 0x33, 0x0c, 0x6e, 0x3f, 0xbe, 0x00, 0xd9, 0x3b,
	  0x01, 0x0b, 0x14, 0x0c, 0x75, 0x3b, 0x95, 0x00, 0x7a, 0x3d, 0xe7, 0x0b,
	  0x9f, 0x3e, 0x66, 0x00, 0xf1, 0x3b, 0x42, 0x0b, 0x35, 0x0c, 0x75, 0x3b,
	  0x74, 0x00, 0xe4, 0x3d, 0xe7, 0x0b, 0x35, 0x3e, 0xdf, 0x3f, 0xf1, 0x3b,
	  0xc8, 0x0b, 0x14, 0x0c, 0x69, 0x3b, 0xa1, 0x00, 0xce, 0x3e, 0x3d, 0x0c,
	  0xf6, 0x3c, 0x20, 0x3f, 0xab, 0x3b, 0xce, 0x0c, 0xa1, 0x0c, 0xf6, 0x3b,
	  0x86, 0x3f, 0x11, 0x3e, 0x80, 0x0b, 0x70, 0x3e, 0x4d, 0x3f, 0xd8, 0x3b,
	  0x73, 0x0c, 0xad, 0x0b, 0x5b, 0x39, 0x16, 0x03, 0x4a, 0x3f, 0xd7, 0x0e,
	  0xe0, 0x39, 0x35, 0x3f, 0x95, 0x3b, 0xcf, 0x0c, 0x73, 0xe8, 0x01, 0x08,
	  0x80, 0x00, 0x02, 0x08, 0x80, 0x00, 0x02, 0x08, 0x73, 0xe8, 0x01, 0x08,
	  0x80, 0x00, 0x02, 0x08, 0x80, 0x00, 0x02, 0x08, 0x60, 0xc0, 0x01, 0x08,
	  0x80, 0x00, 0x02, 0x08, 0x80, 0x00, 0x02, 0x08, 0x60, 0xc0, 0x01, 0x08,
	  0x80, 0x00, 0x02, 0x08, 0x80, 0x00, 0x02, 0x08, 0x60, 0xc0, 0x01, 0x08,
	  0x80, 0x00, 0x02, 0x08, 0x80, 0x00, 0x02, 0x08, 0x60, 0xc0, 0x01, 0x08,
	  0x80, 0x00, 0x02, 0x08, 0x80, 0x00, 0x02, 0x08, 0x73, 0xe8, 0x01, 0x08,
	  0x80, 0x00, 0x02, 0x08, 0x80, 0x00, 0x02, 0x08, 0x73, 0xe8, 0x01, 0x08,
	  0x80, 0x00, 0x02, 0x08, 0x80, 0x00, 0x02, 0x08, 0x73, 0xe8, 0x01, 0x08,
	  0x80, 0x00, 0x02, 0x08, 0x80, 0x00, 0x02, 0x08, 0x00, 0x00, 0x00, 0x00,
	  0x00, 0x00, 0x00, 0x00, 0x00, 0x00, 0x00, 0x00, 0x00, 0x00, 0x00, 0x00,
	  0x00, 0x00, 0x00, 0x00, 0x00, 0x00, 0x00, 0x00, 0x00, 0x00, 0x00, 0x00,
	  0x00, 0x00, 0x00, 0x00, 0x00, 0x00, 0x00, 0x00, 0x00, 0x00, 0x00, 0x00,
	  0x00, 0x00, 0x00, 0x00, 0x00, 0x00, 0x00, 0x00, 0x00, 0x00, 0x00, 0x00,
	  0x00, 0x00, 0x00, 0x00, 0x00, 0x00, 0x00, 0x00, 0x00, 0x00, 0x00, 0x00,
	  0x00, 0x00, 0x00, 0x00, 0x00, 0x00, 0x00, 0x00, 0x00, 0x00, 0x00, 0x00,
	  0x00, 0x00, 0x00, 0x00, 0x00, 0x00, 0x00, 0x00, 0x00, 0x00, 0x00, 0x00,
	  0x00, 0x00, 0x00, 0x00, 0x00, 0x00, 0x00, 0x00, 0x00, 0x00, 0x00, 0x00,
	  0x00, 0x00, 0x00, 0x00, 0x00, 0x00, 0x00, 0x00, 0x00, 0x00, 0x00, 0x00,
	  0x00, 0x00, 0x00, 0x00, 0x00, 0x00, 0x00, 0x00, 0x00, 0x00, 0x00, 0x00,
	  0x00, 0x00, 0x00, 0x00, 0x00, 0x00, 0x00, 0x00, 0x00, 0x00, 0x00, 0x00,
	  0x00, 0x00, 0x00, 0x00, 0x00, 0x00, 0x00, 0x00, 0x00, 0x00, 0x00, 0x00,
	  0x00, 0x00, 0x00, 0x00, 0x00, 0x00, 0x00, 0x00, 0x00, 0x00, 0x00, 0x00,
	  0x00, 0x00, 0x00, 0x00, 0x00, 0x00, 0x00, 0x20, 0xff, 0x28, 0xfe, 0x31,
	  0xfc, 0x3a, 0xf8, 0x43, 0xf0, 0x4c, 0xe0, 0x55, 0xc0, 0x5e, 0x80, 0x67,
	  0x00, 0x70, 0x00, 0x78, 0xff, 0x7f, 0x00, 0x00, 0x00, 0x00, 0x00, 0x00,
	  0x00, 0x20, 0x00, 0x00, 0x00, 0x40, 0x00, 0x00, 0x00, 0x80, 0x00, 0x00,
	  0x00, 0x00, 0x01, 0x00, 0x00, 0x00, 0x02, 0x00, 0x00, 0x00, 0x04, 0x00,
	  0x00, 0x00, 0x08, 0x00, 0x00, 0x00, 0x10, 0x00, 0x00, 0x00, 0x20, 0x00,
	  0x00, 0x00, 0x40, 0x00, 0x00, 0x00, 0x80, 0x00, 0x40, 0x00, 0x00, 0x00,
	  0xe3, 0x00, 0x00, 0x00, 0xc7, 0x01, 0x00, 0x00, 0x8f, 0x03, 0x00, 0x00,
	  0x1f, 0x07, 0x00, 0x00, 0x45, 0x0e, 0x00, 0x00, 0xa4, 0x1c, 0x00, 0x00,
	  0xb0, 0x39, 0x00, 0x00, 0x07, 0x75, 0x00, 0x00, 0xf0, 0xf0, 0x00, 0x00,
	  0x00, 0x00, 0x02, 0x00, 0x00, 0x00, 0x04, 0x00, 0x00, 0x00, 0x00, 0x00,
	  0x00, 0x20, 0x00, 0x00, 0x00, 0x40, 0x00, 0x00, 0x00, 0x80, 0x00, 0x00,
	  0x00, 0x00, 0x01, 0x00, 0x00, 0x00, 0x02, 0x00, 0x00, 0x00, 0x04, 0x00,
	  0x00, 0x00, 0x08, 0x00, 0x00, 0x00, 0x10, 0x00, 0x00, 0x00, 0x20, 0x00,
	  0x00, 0x00, 0x40, 0x00, 0x00, 0x00, 0x80, 0x00, 0xff, 0xff, 0xff, 0x00,
	  0x00, 0x00, 0x00, 0x20, 0xff, 0x28, 0xfe, 0x31, 0xfc, 0x3a, 0xf8, 0x43,
	  0xf0, 0x4c, 0xe0, 0x55, 0xc0, 0x5e, 0x80, 0x67, 0x00, 0x70, 0x00, 0x78,
	  0x00, 0x40, 0xfe, 0x11, 0xff, 0x08, 0x7f, 0x04, 0x3f, 0x02, 0x1f, 0x01,
	  0x8f, 0x00, 0x47, 0x00, 0x23, 0x00, 0x11, 0x00, 0x08, 0x00, 0x04, 0x00,
	  0x00, 0x00, 0x00, 0x00, 0x00, 0x00, 0x00, 0x00, 0x01, 0x00, 0x00, 0x00,
	  0x00, 0x00, 0x00, 0x00, 0x00, 0x00, 0x00, 0x00, 0x03, 0x00, 0x00, 0x00,
	  0x01, 0x00, 0x00, 0x00, 0x00, 0x00, 0x6a, 0x00, 0xc8, 0x01, 0x18, 0x07,
	  0x50, 0x0f, 0xe0, 0x1b, 0x00, 0x35, 0x00, 0x67, 0x10, 0x32, 0x54, 0x76,
	  0x00, 0x00, 0x6a, 0x00, 0x19, 0x01, 0x6d, 0x02, 0x74, 0x03, 0x3d, 0x04,
	  0x06, 0x05, 0xce, 0x05, 0x01, 0x06, 0x00, 0x00, 0x00, 0x00, 0x0d, 0x00,
	  0x34, 0x00, 0x27, 0x00, 0x67, 0x80, 0x40, 0x00, 0x9b, 0x80, 0x5a, 0x00,
	  0xcf, 0x80, 0x74, 0x00, 0x02, 0x01, 0x8e, 0x00, 0x36, 0x01, 0xa8, 0x00,
	  0x6a, 0x01, 0xc2, 0x00, 0x9d, 0x81, 0xdb, 0x00, 0xd1, 0x81, 0xf5, 0x00,
	  0x05, 0x82, 0x0f, 0x01, 0x38, 0x02, 0x29, 0x01, 0x6c, 0x02, 0x43, 0x01,
	  0xa0, 0x02, 0x5d, 0x01, 0xd4, 0x82, 0x76, 0x01, 0x07, 0x83, 0x90, 0x01,
	  0x3b, 0x83, 0xaa, 0x01, 0x6f, 0x03, 0xc4, 0x01, 0xa2, 0x03, 0xde, 0x01,
	  0xd6, 0x03, 0xf8, 0x01, 0x0a, 0x84, 0x11, 0x02, 0x3d, 0x84, 0x2b, 0x02,
	  0x71, 0x84, 0x45, 0x02, 0xa5, 0x04, 0x5f, 0x02, 0xd8, 0x04, 0x79, 0x02,
	  0x0c, 0x05, 0x93, 0x02, 0x3f, 0x05, 0xac, 0x02, 0x71, 0x05, 0xc5, 0x02,
	  0xa2, 0x05, 0xdd, 0x02, 0xd2, 0x85, 0xf4, 0x02, 0x01, 0x06, 0x0c, 0x03,
	  0x2e, 0x86, 0x22, 0x03, 0x5c, 0x06, 0x39, 0x03, 0x88, 0x06, 0x4f, 0x03,
	  0xb3, 0x86, 0x64, 0x03, 0xde, 0x86, 0x79, 0x03, 0x08, 0x87, 0x8e, 0x03,
	  0x31, 0x07, 0xa3, 0x03, 0x5a, 0x07, 0xb7, 0x03, 0x82, 0x07, 0xcb, 0x03,
	  0xaa, 0x87, 0xde, 0x03, 0xd1, 0x07, 0xf2, 0x03, 0xf7, 0x07, 0x05, 0x04,
	  0x1d, 0x08, 0x18, 0x04, 0x42, 0x88, 0x2a, 0x04, 0x67, 0x88, 0x3c, 0x04,
	  0x8b, 0x88, 0x4e, 0x04, 0xaf, 0x88, 0x60, 0x04, 0xd3, 0x08, 0x72, 0x04,
	  0xf6, 0x88, 0x83, 0x04, 0x18, 0x09, 0x95, 0x04, 0x3b, 0x09, 0xa6, 0x04,
	  0x5d, 0x89, 0xb6, 0x04, 0x7e, 0x89, 0xcf, 0x04, 0xc0, 0x09, 0xf0, 0x04,
	  0x00, 0x0a, 0x10, 0x05, 0x3f, 0x8a, 0x2f, 0x05, 0x7d, 0x0a, 0x4e, 0x05,
	  0xba, 0x0a, 0x6c, 0x05, 0xf6, 0x8a, 0x89, 0x05, 0x30, 0x8b, 0xa6, 0x05,
	  0x6a, 0x0b, 0xc3, 0x05, 0xa2, 0x0b, 0xdf, 0x05, 0xda, 0x8b, 0xfa, 0x05,
	  0x11, 0x0c, 0x16, 0x06, 0x47, 0x8c, 0x30, 0x06, 0x7c, 0x0c, 0x4b, 0x06,
	  0xb0, 0x0c, 0x65, 0x06, 0xe4, 0x8c, 0x7e, 0x06, 0x17, 0x0d, 0x98, 0x06,
	  0x49, 0x0d, 0xb1, 0x06, 0x7a, 0x8d, 0xc9, 0x06, 0xab, 0x8d, 0xe1, 0x06,
	  0xdb, 0x8d, 0xf9, 0x06, 0x0b, 0x8e, 0x11, 0x07, 0x3a, 0x8e, 0x28, 0x07,
	  0x69, 0x0e, 0x40, 0x07, 0x97, 0x8e, 0x56, 0x07, 0xc4, 0x0e, 0x6d, 0x07,
	  0xf1, 0x8e, 0x83, 0x07, 0x1d, 0x8f, 0x99, 0x07, 0x49, 0x8f, 0xaf, 0x07,
	  0x75, 0x0f, 0xc5, 0x07, 0xa0, 0x8f, 0xda, 0x07, 0xca, 0x8f, 0xef, 0x07,
	  0xf4, 0x8f, 0x04, 0x08, 0x1e, 0x90, 0x19, 0x08, 0x47, 0x10, 0x2e, 0x08,
	  0x70, 0x90, 0x42, 0x08, 0x99, 0x90, 0x56, 0x08, 0xc1, 0x90, 0x6a, 0x08,
	  0xe9, 0x90, 0x7e, 0x08, 0x10, 0x11, 0x92, 0x08, 0x37, 0x91, 0xa5, 0x08,
	  0x5e, 0x91, 0xb8, 0x08, 0x84, 0x11, 0xcc, 0x08, 0xab, 0x91, 0xde, 0x08,
	  0xd0, 0x91, 0xf1, 0x08, 0xf6, 0x11, 0x04, 0x09, 0x1b, 0x92, 0x16, 0x09,
	  0x40, 0x12, 0x29, 0x09, 0x64, 0x12, 0x3b, 0x09, 0x89, 0x92, 0x4d, 0x09,
	  0xad, 0x12, 0x5f, 0x09, 0xd0, 0x12, 0x71, 0x09, 0xf4, 0x92, 0x82, 0x09,
	  0x17, 0x13, 0x94, 0x09, 0x3a, 0x93, 0xa5, 0x09, 0x5d, 0x13, 0xb7, 0x09,
	  0x7f, 0x13, 0xc8, 0x09, 0xa1, 0x13, 0xd9, 0x09, 0xc3, 0x13, 0xea, 0x09,
	  0xe5, 0x13, 0xfb, 0x09, 0x06, 0x94, 0x0b, 0x0a, 0x28, 0x14, 0x1c, 0x0a,
	  0x49, 0x94, 0x2c, 0x0a, 0x69, 0x14, 0x3d, 0x0a, 0x8a, 0x14, 0x4d, 0x0a,
	  0xaa, 0x94, 0x5d, 0x0a, 0xcb, 0x94, 0x6d, 0x0a, 0xeb, 0x94, 0x7d, 0x0a,
	  0x0a, 0x15, 0x8d, 0x0a, 0x2a, 0x15, 0x9d, 0x0a, 0x49, 0x95, 0xac, 0x0a,
	  0x69, 0x15, 0xbc, 0x0a, 0x88, 0x95, 0xcb, 0x0a, 0xa7, 0x15, 0xdb, 0x0a,
	  0xc5, 0x15, 0xea, 0x0a, 0xe4, 0x95, 0xf9, 0x0a, 0x02, 0x96, 0x08, 0x0b,
	  0x20, 0x96, 0x17, 0x0b, 0x3e, 0x96, 0x26, 0x0b, 0x5c, 0x96, 0x35, 0x0b,
	  0x7a, 0x16, 0x44, 0x0b, 0x97, 0x16, 0x53, 0x0b, 0xb5, 0x96, 0x61, 0x0b,
	  0xd2, 0x16, 0x70, 0x0b, 0xef, 0x96, 0x7e, 0x0b, 0x0c, 0x17, 0x8d, 0x0b,
	  0x28, 0x17, 0x9b, 0x0b, 0x45, 0x97, 0xa9, 0x0b, 0x6f, 0x97, 0xc5, 0x0b,
	  0xa7, 0x97, 0xe1, 0x0b, 0xdf, 0x97, 0xfd, 0x0b, 0x16, 0x18, 0x19, 0x0c,
	  0x4d, 0x18, 0x34, 0x0c, 0x83, 0x18, 0x4f, 0x0c, 0xb9, 0x98, 0x69, 0x0c,
	  0xee, 0x18, 0x84, 0x0c, 0x22, 0x99, 0x9e, 0x0c, 0x57, 0x19, 0xb8, 0x0c,
	  0x8a, 0x19, 0xd2, 0x0c, 0xbe, 0x99, 0xeb, 0x0c, 0xf0, 0x19, 0x05, 0x0d,
	  0x23, 0x1a, 0x1e, 0x0d, 0x55, 0x1a, 0x37, 0x0d, 0x86, 0x9a, 0x4f, 0x0d,
	  0xb8, 0x1a, 0x68, 0x0d, 0xe8, 0x9a, 0x80, 0x0d, 0x19, 0x9b, 0x98, 0x0d,
	  0x49, 0x9b, 0xb0, 0x0d, 0x78, 0x1b, 0xc8, 0x0d, 0xa8, 0x9b, 0xdf, 0x0d,
	  0xd7, 0x1b, 0xf7, 0x0d, 0x05, 0x9c, 0x0e, 0x0e, 0x34, 0x9c, 0x25, 0x0e,
	  0x62, 0x1c, 0x3c, 0x0e, 0x8f, 0x1c, 0x53, 0x0e, 0xbd, 0x9c, 0x69, 0x0e,
	  0xea, 0x1c, 0x80, 0x0e, 0x16, 0x9d, 0x96, 0x0e, 0x43, 0x9d, 0xac, 0x0e,
	  0x6f, 0x9d, 0xc2, 0x0e, 0x9b, 0x1d, 0xd8, 0x0e, 0xc6, 0x1d, 0xee, 0x0e,
	  0xf1, 0x9d, 0x03, 0x0f, 0x1c, 0x1e, 0x19, 0x0f, 0x47, 0x1e, 0x2e, 0x0f,
	  0x71, 0x9e, 0x43, 0x0f, 0x9c, 0x9e, 0x58, 0x0f, 0xc6, 0x1e, 0x6d, 0x0f,
	  0xef, 0x1e, 0x82, 0x0f, 0x19, 0x9f, 0x96, 0x0f, 0x42, 0x1f, 0xab, 0x0f,
	  0x6b, 0x9f, 0xbf, 0x0f, 0x93, 0x1f, 0xd4, 0x0f, 0xbc, 0x1f, 0xe8, 0x0f,
	  0xe4, 0x1f, 0xfc, 0x0f, 0x0c, 0x20, 0x10, 0x10, 0x34, 0x20, 0x24, 0x10,
	  0x5c, 0xa0, 0x37, 0x10, 0x83, 0xa0, 0x4b, 0x10, 0xaa, 0x20, 0x5f, 0x10,
	  0xd1, 0x20, 0x72, 0x10, 0xf8, 0xa0, 0x85, 0x10, 0x1e, 0xa1, 0x98, 0x10,
	  0x45, 0x21, 0xac, 0x10, 0x6b, 0x21, 0xbf, 0x10, 0x91, 0xa1, 0xd1, 0x10,
	  0xb6, 0xa1, 0xe4, 0x10, 0xdc, 0xa1, 0xf7, 0x10, 0x01, 0x22, 0x0a, 0x11,
	  0x26, 0xa2, 0x1c, 0x11, 0x4b, 0x22, 0x2f, 0x11, 0x70, 0xa2, 0x41, 0x11,
	  0x95, 0xa2, 0x53, 0x11, 0xb9, 0xa2, 0x65, 0x11, 0xde, 0x22, 0x78, 0x11,
	  0x02, 0x23, 0x8a, 0x11, 0x26, 0xa3, 0x9b, 0x11, 0x49, 0xa3, 0xad, 0x11,
	  0x6d, 0xa3, 0xbf, 0x11, 0x90, 0x23, 0xd1, 0x11, 0xb4, 0xa3, 0xe2, 0x11,
	  0xd7, 0x23, 0xf4, 0x11, 0xfa, 0xa3, 0x05, 0x12, 0x1d, 0x24, 0x17, 0x12,
	  0x3f, 0xa4, 0x28, 0x12, 0x62, 0xa4, 0x39, 0x12, 0x84, 0xa4, 0x4a, 0x12,
	  0xa6, 0xa4, 0x5b, 0x12, 0xc8, 0xa4, 0x6c, 0x12, 0xea, 0xa4, 0x7d, 0x12,
	  0x0c, 0xa5, 0x8e, 0x12, 0x2e, 0xa5, 0x9f, 0x12, 0x4f, 0x25, 0xb0, 0x12,
	  0x71, 0xa5, 0xc0, 0x12, 0x92, 0x25, 0xd1, 0x12, 0xb3, 0xa5, 0xe1, 0x12,
	  0xd4, 0x25, 0xf2, 0x12, 0xf5, 0xa5, 0x02, 0x13, 0x15, 0x26, 0x13, 0x13,
	  0x36, 0x26, 0x23, 0x13, 0x56, 0xa6, 0x33, 0x13, 0x77, 0xa6, 0x43, 0x13,
	  0x97, 0xa6, 0x53, 0x13, 0xb7, 0xa6, 0x63, 0x13, 0xd7, 0xa6, 0x73, 0x13,
	  0xf7, 0xa6, 0x83, 0x13, 0x16, 0x27, 0x93, 0x13, 0x36, 0x27, 0xa3, 0x13,
	  0x56, 0xa7, 0xb2, 0x13, 0x75, 0xa7, 0xc2, 0x13, 0x94, 0x27, 0xd2, 0x13,
	  0xb3, 0xa7, 0xe1, 0x13, 0xd2, 0x27, 0xf1, 0x13, 0xf2, 0xa7, 0x00, 0x14,
	  0x10, 0xa8, 0x0f, 0x14, 0x2f, 0x28, 0x1f, 0x14, 0x4d, 0x28, 0x2e, 0x14,
	  0x6c, 0xa8, 0x3d, 0x14, 0x8a, 0xa8, 0x4c, 0x14, 0xa8, 0xa8, 0x5b, 0x14,
	  0xc6, 0xa8, 0x6a, 0x14, 0xe4, 0xa8, 0x79, 0x14, 0x02, 0xa9, 0x88, 0x14,
	  0x20, 0xa9, 0x97, 0x14, 0x3e, 0xa9, 0xa6, 0x14, 0x5c, 0x29, 0xb5, 0x14,
	  0x79, 0x29, 0xc4, 0x14, 0x97, 0xa9, 0xd2, 0x14, 0xb4, 0x29, 0xe1, 0x14,
	  0xd1, 0x29, 0xf0, 0x14, 0xef, 0xa9, 0xfe, 0x14, 0x0c, 0x2a, 0x0d, 0x15,
	  0x29, 0xaa, 0x1b, 0x15, 0x46, 0x2a, 0x2a, 0x15, 0x62, 0x2a, 0x38, 0x15,
	  0x7f, 0xaa, 0x46, 0x15, 0x9b, 0xaa, 0x54, 0x15, 0xb8, 0x2a, 0x63, 0x15,
	  0xd4, 0x2a, 0x71, 0x15, 0xf1, 0xaa, 0x7f, 0x15, 0x0d, 0xab, 0x8d, 0x15,
	  0x29, 0xab, 0x9b, 0x15, 0x45, 0xab, 0xa9, 0x15, 0x61, 0xab, 0xb7, 0x15,
	  0x7d, 0xab, 0xc5, 0x15, 0x99, 0x2b, 0xd3, 0x15, 0xb4, 0x2b, 0xe1, 0x15,
	  0xd0, 0x2b, 0xef, 0x15, 0xec, 0xab, 0xfc, 0x15, 0x07, 0xac, 0x0a, 0x16,
	  0x23, 0x2c, 0x18, 0x16, 0x3e, 0xac, 0x25, 0x16, 0x59, 0xac, 0x33, 0x16,
	  0x75, 0x2c, 0x41, 0x16, 0x90, 0xac, 0x4e, 0x16, 0xab, 0x2c, 0x5c, 0x16,
	  0xc6, 0xac, 0x69, 0x16, 0xe0, 0xac, 0x76, 0x16, 0xfb, 0x2c, 0x84, 0x16,
	  0x16, 0xad, 0x91, 0x16, 0x30, 0xad, 0x9e, 0x16, 0x4b, 0x2d, 0xac, 0x16,
	  0x65, 0x2d, 0xb9, 0x16, 0x80, 0xad, 0xc6, 0x16, 0x9a, 0xad, 0xd3, 0x16,
	  0xb4, 0xad, 0xe0, 0x16, 0xce, 0xad, 0xed, 0x16, 0xe8, 0xad, 0xfa, 0x16,
	  0x02, 0xae, 0x07, 0x17, 0x1c, 0xae, 0x14, 0x17, 0x36, 0xae, 0x21, 0x17,
	  0x50, 0xae, 0x2e, 0x17, 0x6a, 0xae, 0x3b, 0x17, 0x84, 0xae, 0x48, 0x17,
	  0x9e, 0x2e, 0x55, 0x17, 0xb7, 0x2e, 0x62, 0x17, 0xd1, 0xae, 0x6e, 0x17,
	  0xea, 0xae, 0x7b, 0x17, 0x10, 0xaf, 0x94, 0x17, 0x42, 0x2f, 0xae, 0x17,
	  0x75, 0x2f, 0xc7, 0x17, 0xa7, 0x2f, 0xe0, 0x17, 0xd8, 0xaf, 0xf8, 0x17,
	  0x0a, 0xb0, 0x11, 0x18, 0x3b, 0x30, 0x2a, 0x18, 0x6c, 0xb0, 0x42, 0x18,
	  0x9d, 0xb0, 0x5a, 0x18, 0xcd, 0x30, 0x73, 0x18, 0xfe, 0x30, 0x8b, 0x18,
	  0x2e, 0x31, 0xa3, 0x18, 0x5e, 0x31, 0xbb, 0x18, 0x8d, 0xb1, 0xd2, 0x18,
	  0xbd, 0x31, 0xea, 0x18, 0xec, 0xb1, 0x01, 0x19, 0x1b, 0x32, 0x19, 0x19,
	  0x4a, 0xb2, 0x30, 0x19, 0x78, 0x32, 0x48, 0x19, 0xa7, 0x32, 0x5f, 0x19,
	  0xd5, 0x32, 0x76, 0x19, 0x03, 0x33, 0x8d, 0x19, 0x31, 0xb3, 0xa3, 0x19,
	  0x5e, 0xb3, 0xba, 0x19, 0x8c, 0x33, 0xd1, 0x19, 0xb9, 0xb3, 0xe7, 0x19,
	  0xe6, 0x33, 0xfe, 0x19, 0x13, 0xb4, 0x14, 0x1a, 0x3f, 0xb4, 0x2a, 0x1a,
	  0x6c, 0x34, 0x41, 0x1a, 0x98, 0x34, 0x57, 0x1a, 0xc4, 0x34, 0x6d, 0x1a,
	  0xf0, 0x34, 0x83, 0x1a, 0x1c, 0xb5, 0x98, 0x1a, 0x47, 0xb5, 0xae, 0x1a,
	  0x73, 0x35, 0xc4, 0x1a, 0x9e, 0xb5, 0xd9, 0x1a, 0xc9, 0x35, 0xef, 0x1a,
	  0xf4, 0xb5, 0x04, 0x1b, 0x1e, 0x36, 0x1a, 0x1b, 0x49, 0x36, 0x2f, 0x1b,
	  0x73, 0xb6, 0x44, 0x1b, 0x9e, 0xb6, 0x59, 0x1b, 0xc8, 0xb6, 0x6e, 0x1b,
	  0xf2, 0xb6, 0x83, 0x1b, 0x1b, 0x37, 0x98, 0x1b, 0x45, 0x37, 0xad, 0x1b,
	  0x6e, 0xb7, 0xc1, 0x1b, 0x98, 0x37, 0xd6, 0x1b, 0xc1, 0xb7, 0xea, 0x1b,
	  0xea, 0x37, 0xff, 0x1b, 0x13, 0xb8, 0x13, 0x1c, 0x3c, 0x38, 0x28, 0x1c,
	  0x64, 0x38, 0x3c, 0x1c, 0x8d, 0xb8, 0x50, 0x1c, 0xb5, 0xb8, 0x64, 0x1c,
	  0xdd, 0xb8, 0x78, 0x1c, 0x05, 0xb9, 0x8c, 0x1c, 0x2d, 0xb9, 0xa0, 0x1c,
	  0x55, 0xb9, 0xb4, 0x1c, 0x7c, 0x39, 0xc8, 0x1c, 0xa4, 0x39, 0xdc, 0x1c,
	  0xcb, 0xb9, 0xef, 0x1c, 0xf2, 0x39, 0x03, 0x1d, 0x1a, 0xba, 0x16, 0x1d,
	  0x40, 0x3a, 0x2a, 0x1d, 0x67, 0xba, 0x3d, 0x1d, 0x8e, 0xba, 0x50, 0x1d,
	  0xb5, 0x3a, 0x64, 0x1d, 0xdb, 0x3a, 0x77, 0x1d, 0x01, 0xbb, 0x8a, 0x1d,
	  0x28, 0xbb, 0x9d, 0x1d, 0x4e, 0xbb, 0xb0, 0x1d, 0x74, 0xbb, 0xc3, 0x1d,
	  0x9a, 0xbb, 0xd6, 0x1d, 0xbf, 0x3b, 0xe9, 0x1d, 0xe5, 0x3b, 0xfc, 0x1d,
	  0x0b, 0xbc, 0x0e, 0x1e, 0x30, 0xbc, 0x21, 0x1e, 0x55, 0x3c, 0x34, 0x1e,
	  0x7a, 0xbc, 0x46, 0x1e, 0xa0, 0x3c, 0x59, 0x1e, 0xc4, 0xbc, 0x6b, 0x1e,
	  0xe9, 0x3c, 0x7e, 0x1e, 0x0e, 0x3d, 0x90, 0x1e, 0x33, 0xbd, 0xa2, 0x1e,
	  0x57, 0xbd, 0xb4, 0x1e, 0x7c, 0x3d, 0xc7, 0x1e, 0xa0, 0x3d, 0xd9, 0x1e,
	  0xc4, 0x3d, 0xeb, 0x1e, 0xe8, 0x3d, 0xfd, 0x1e, 0x0c, 0x3e, 0x0f, 0x1f,
	  0x30, 0x3e, 0x21, 0x1f, 0x54, 0x3e, 0x33, 0x1f, 0x78, 0xbe, 0x44, 0x1f,
	  0x9b, 0xbe, 0x56, 0x1f, 0xbf, 0x3e, 0x68, 0x1f, 0xe2, 0x3e, 0x7a, 0x1f,
	  0x05, 0xbf, 0x8b, 0x1f, 0x29, 0x3f, 0x9d, 0x1f, 0x4c, 0xbf, 0xae, 0x1f,
	  0x6f, 0x3f, 0xc0, 0x1f, 0x92, 0xbf, 0xd1, 0x1f, 0xb4, 0x3f, 0xe3, 0x1f,
	  0xd7, 0xbf, 0xf4, 0x1f, 0xfa, 0xbf, 0x05, 0x20, 0x1c, 0x40, 0x17, 0x20,
	  0x3f, 0x40, 0x28, 0x20, 0x61, 0x40, 0x39, 0x20, 0x83, 0xc0, 0x4a, 0x20,
	  0xa6, 0xc0, 0x5b, 0x20, 0xc8, 0xc0, 0x6c, 0x20, 0xea, 0xc0, 0x7d, 0x20,
	  0x0c, 0xc1, 0x8e, 0x20, 0x2d, 0x41, 0x9f, 0x20, 0x4f, 0x41, 0xb0, 0x20,
	  0x71, 0x41, 0xc1, 0x20, 0x92, 0xc1, 0xd1, 0x20, 0xb4, 0xc1, 0xe2, 0x20,
	  0xd5, 0x41, 0xf3, 0x20, 0xf7, 0xc1, 0x03, 0x21, 0x18, 0x42, 0x14, 0x21,
	  0x39, 0x42, 0x25, 0x21, 0x5a, 0xc2, 0x35, 0x21, 0x7b, 0x42, 0x46, 0x21,
	  0x9c, 0x42, 0x56, 0x21, 0xbd, 0xc2, 0x66, 0x21, 0xde, 0x42, 0x77, 0x21,
	  0xfe, 0xc2, 0x87, 0x21, 0x1f, 0xc3, 0x97, 0x21, 0x3f, 0x43, 0xa8, 0x21,
	  0x60, 0x43, 0xc0, 0x21, 0xa0, 0xc3, 0xe0, 0x21, 0xe1, 0xc3, 0x00, 0x22,
	  0x21, 0xc4, 0x20, 0x22, 0x61, 0x44, 0x40, 0x22, 0xa0, 0x44, 0x60, 0x22,
	  0xdf, 0xc4, 0x7f, 0x22, 0x1e, 0xc5, 0x9e, 0x22, 0x5d, 0x45, 0xbe, 0x22,
	  0x9b, 0x45, 0xdd, 0x22, 0xd9, 0x45, 0xfc, 0x22, 0x17, 0x46, 0x1b, 0x23,
	  0x54, 0xc6, 0x39, 0x23, 0x91, 0x46, 0x58, 0x23, 0xce, 0xc6, 0x76, 0x23,
	  0x0b, 0xc7, 0x94, 0x23, 0x48, 0x47, 0xb3, 0x23, 0x84, 0x47, 0xd1, 0x23,
	  0xc0, 0x47, 0xef, 0x23, 0xfb, 0xc7, 0x0c, 0x24, 0x37, 0x48, 0x2a, 0x24,
	  0x72, 0x48, 0x48, 0x24, 0xad, 0x48, 0x65, 0x24, 0xe8, 0xc8, 0x82, 0x24,
	  0x22, 0xc9, 0x9f, 0x24, 0x5d, 0x49, 0xbd, 0x24, 0x97, 0xc9, 0xd9, 0x24,
	  0xd0, 0xc9, 0xf6, 0x24, 0x0a, 0xca, 0x13, 0x25, 0x43, 0x4a, 0x30, 0x25,
	  0x7c, 0xca, 0x4c, 0x25, 0xb5, 0x4a, 0x69, 0x25, 0xee, 0x4a, 0x85, 0x25,
	  0x26, 0xcb, 0xa1, 0x25, 0x5f, 0xcb, 0xbd, 0x25, 0x97, 0xcb, 0xd9, 0x25,
	  0xcf, 0xcb, 0xf5, 0x25, 0x06, 0x4c, 0x11, 0x26, 0x3e, 0xcc, 0x2c, 0x26,
	  0x75, 0xcc, 0x48, 0x26, 0xac, 0x4c, 0x64, 0x26, 0xe3, 0x4c, 0x7f, 0x26,
	  0x1a, 0xcd, 0x9a, 0x26, 0x50, 0xcd, 0xb5, 0x26, 0x86, 0xcd, 0xd0, 0x26,
	  0xbc, 0xcd, 0xeb, 0x26, 0xf2, 0xcd, 0x06, 0x27, 0x28, 0xce, 0x21, 0x27,
	  0x5e, 0x4e, 0x3c, 0x27, 0x93, 0xce, 0x56, 0x27, 0xc8, 0xce, 0x71, 0x27,
	  0xfd, 0xce, 0x8b, 0x27, 0x32, 0x4f, 0xa6, 0x27, 0x66, 0xcf, 0xc0, 0x27,
	  0x9b, 0xcf, 0xda, 0x27, 0xcf, 0xcf, 0xf4, 0x27, 0x03, 0xd0, 0x0e, 0x28,
	  0x37, 0xd0, 0x28, 0x28, 0x6b, 0xd0, 0x42, 0x28, 0x9f, 0x50, 0x5c, 0x28,
	  0xd2, 0x50, 0x76, 0x28, 0x05, 0xd1, 0x8f, 0x28, 0x38, 0x51, 0xa9, 0x28,
	  0x6b, 0xd1, 0xc2, 0x28, 0x9e, 0xd1, 0xdb, 0x28, 0xd1, 0x51, 0xf5, 0x28,
	  0x03, 0x52, 0x0e, 0x29, 0x36, 0xd2, 0x27, 0x29, 0x68, 0xd2, 0x40, 0x29,
	  0x9a, 0xd2, 0x59, 0x29, 0xcc, 0x52, 0x72, 0x29, 0xfd, 0x52, 0x8b, 0x29,
	  0x2f, 0x53, 0xa4, 0x29, 0x60, 0xd3, 0xbc, 0x29, 0x91, 0x53, 0xd5, 0x29,
	  0xc3, 0xd3, 0xed, 0x29, 0xf4, 0x53, 0x06, 0x2a, 0x24, 0xd4, 0x1e, 0x2a,
	  0x55, 0xd4, 0x36, 0x2a, 0x86, 0x54, 0x4f, 0x2a, 0xb6, 0x54, 0x67, 0x2a,
	  0xe6, 0x54, 0x7f, 0x2a, 0x16, 0x55, 0x97, 0x2a, 0x46, 0x55, 0xaf, 0x2a,
	  0x76, 0x55, 0xc7, 0x2a, 0xa6, 0x55, 0xdf, 0x2a, 0xd6, 0xd5, 0xf6, 0x2a,
	  0x05, 0xd6, 0x0e, 0x2b, 0x34, 0x56, 0x26, 0x2b, 0x63, 0xd6, 0x3d, 0x2b,
	  0x93, 0x56, 0x55, 0x2b, 0xc1, 0xd6, 0x6c, 0x2b, 0xf0, 0x56, 0x84, 0x2b,
	  0x1f, 0x57, 0x9b, 0x2b, 0x4d, 0xd7, 0xb2, 0x2b, 0x7c, 0xd7, 0xc9, 0x2b,
	  0xaa, 0xd7, 0xe0, 0x2b, 0xd8, 0xd7, 0xf7, 0x2b, 0x06, 0xd8, 0x0e, 0x2c,
	  0x34, 0xd8, 0x25, 0x2c, 0x62, 0xd8, 0x3c, 0x2c, 0xa7, 0x58, 0x6a, 0x2c,
	  0x01, 0xd9, 0x97, 0x2c, 0x5c, 0xd9, 0xc4, 0x2c, 0xb6, 0xd9, 0xf1, 0x2c,
	  0x0f, 0x5a, 0x1e, 0x2d, 0x68, 0xda, 0x4a, 0x2d, 0xc1, 0xda, 0x76, 0x2d,
	  0x19, 0xdb, 0xa2, 0x2d, 0x71, 0xdb, 0xce, 0x2d, 0xc8, 0x5b, 0xfa, 0x2d,
	  0x1f, 0xdc, 0x25, 0x2e, 0x76, 0xdc, 0x50, 0x2e, 0xcc, 0xdc, 0x7b, 0x2e,
	  0x22, 0x5d, 0xa6, 0x2e, 0x77, 0xdd, 0xd0, 0x2e, 0xcc, 0x5d, 0xfb, 0x2e,
	  0x20, 0x5e, 0x25, 0x2f, 0x74, 0x5e, 0x4f, 0x2f, 0xc8, 0x5e, 0x79, 0x2f,
	  0x1b, 0xdf, 0xa2, 0x2f, 0x6e, 0x5f, 0xcc, 0x2f, 0xc1, 0x5f, 0xf5, 0x2f,
	  0x13, 0x60, 0x1e, 0x30, 0x65, 0x60, 0x47, 0x30, 0xb7, 0xe0, 0x6f, 0x30,
	  0x08, 0x61, 0x98, 0x30, 0x59, 0xe1, 0xc0, 0x30, 0xa9, 0xe1, 0xe8, 0x30,
	  0xf9, 0xe1, 0x10, 0x31, 0x49, 0xe2, 0x38, 0x31, 0x99, 0x62, 0x60, 0x31,
	  0xe8, 0xe2, 0x87, 0x31, 0x37, 0x63, 0xaf, 0x31, 0x85, 0xe3, 0xd6, 0x31,
	  0xd4, 0xe3, 0xfd, 0x31, 0x22, 0x64, 0x24, 0x32, 0x6f, 0x64, 0x4b, 0x32,
	  0xbd, 0xe4, 0x71, 0x32, 0x0a, 0x65, 0x98, 0x32, 0x56, 0x65, 0xbe, 0x32,
	  0xa3, 0xe5, 0xe4, 0x32, 0xef, 0xe5, 0x0a, 0x33, 0x3b, 0x66, 0x30, 0x33,
	  0x86, 0x66, 0x56, 0x33, 0xd1, 0xe6, 0x7b, 0x33, 0x1c, 0x67, 0xa1, 0x33,
	  0x67, 0x67, 0xc6, 0x33, 0xb1, 0xe7, 0xeb, 0x33, 0xfc, 0xe7, 0x10, 0x34,
	  0x45, 0x68, 0x35, 0x34, 0x8f, 0x68, 0x5a, 0x34, 0xd8, 0xe8, 0x7e, 0x34,
	  0x22, 0x69, 0xa3, 0x34, 0x6a, 0xe9, 0xc7, 0x34, 0xb3, 0xe9, 0xeb, 0x34,
	  0xfb, 0xe9, 0x0f, 0x35, 0x43, 0xea, 0x33, 0x35, 0x8b, 0xea, 0x57, 0x35,
	  0xd3, 0x6a, 0x7b, 0x35, 0x1a, 0x6b, 0x9f, 0x35, 0x61, 0xeb, 0xc2, 0x35,
	  0xa8, 0xeb, 0xe5, 0x35, 0xef, 0x6b, 0x09, 0x36, 0x35, 0x6c, 0x2c, 0x36,
	  0x7b, 0x6c, 0x4f, 0x36, 0xc1, 0x6c, 0x72, 0x36, 0x07, 0xed, 0x94, 0x36,
	  0x4c, 0xed, 0xb7, 0x36, 0x91, 0x6d, 0xda, 0x36, 0xd6, 0xed, 0xfc, 0x36,
	  0x1b, 0xee, 0x1e, 0x37, 0x60, 0x6e, 0x41, 0x37, 0xa4, 0x6e, 0x63, 0x37,
	  0xe8, 0x6e, 0x85, 0x37, 0x2c, 0x6f, 0xa7, 0x37, 0x70, 0xef, 0xc8, 0x37,
	  0xb3, 0xef, 0xea, 0x37, 0xf6, 0x6f, 0x0c, 0x38, 0x39, 0xf0, 0x2d, 0x38,
	  0x7c, 0x70, 0x4f, 0x38, 0xbf, 0x70, 0x70, 0x38, 0x01, 0x71, 0x91, 0x38,
	  0x44, 0xf1, 0xb2, 0x38, 0x86, 0xf1, 0xd3, 0x38, 0xc7, 0x71, 0xf4, 0x38,
	  0x09, 0x72, 0x15, 0x39, 0x4b, 0xf2, 0x35, 0x39, 0x8c, 0x72, 0x56, 0x39,
	  0xcd, 0xf2, 0x76, 0x39, 0x0e, 0x73, 0x97, 0x39, 0x4f, 0xf3, 0xb7, 0x39,
	  0x8f, 0xf3, 0xd7, 0x39, 0xcf, 0xf3, 0xf7, 0x39, 0x0f, 0xf4, 0x17, 0x3a,
	  0x4f, 0xf4, 0x37, 0x3a, 0x8f, 0xf4, 0x57, 0x3a, 0xcf, 0xf4, 0x77, 0x3a,
	  0x0e, 0x75, 0x97, 0x3a, 0x4e, 0xf5, 0xb6, 0x3a, 0x8d, 0x75, 0xd6, 0x3a,
	  0xcb, 0x75, 0x05, 0x3b, 0x49, 0xf6, 0x43, 0x3b, 0xc5, 0xf6, 0x81, 0x3b,
	  0x41, 0xf7, 0xbf, 0x3b, 0xbd, 0x77, 0xfd, 0x3b, 0x37, 0x78, 0x3a, 0x3c,
	  0xb1, 0x78, 0x77, 0x3c, 0x2a, 0xf9, 0xb3, 0x3c, 0xa3, 0xf9, 0xef, 0x3c,
	  0x1b, 0xfa, 0x2b, 0x3d, 0x93, 0x7a, 0x67, 0x3d, 0x0a, 0xfb, 0xa2, 0x3d,
	  0x80, 0xfb, 0xdd, 0x3d, 0xf6, 0x7b, 0x18, 0x3e, 0x6b, 0xfc, 0x52, 0x3e,
	  0xdf, 0xfc, 0x8c, 0x3e, 0x53, 0xfd, 0xc6, 0x3e, 0xc7, 0x7d, 0x00, 0x3f,
	  0x3a, 0xfe, 0x39, 0x3f, 0xac, 0xfe, 0x72, 0x3f, 0x1e, 0xff, 0xab, 0x3f,
	  0x8f, 0x7f, 0xe4, 0x3f, 0xff, 0xff, 0xff, 0x3f, 0xff, 0xff, 0xff, 0x3f,
	  0xff, 0xff, 0xff, 0x3f, 0xff, 0xff, 0xff, 0x3f, 0xff, 0xff, 0xff, 0x3f,
	  0xff, 0xff, 0xff, 0x3f, 0xff, 0xff, 0xff, 0x3f, 0xff, 0xff, 0xff, 0x3f,
	  0xff, 0xff, 0xff, 0x3f, 0xff, 0xff, 0xff, 0x3f, 0xff, 0xff, 0xff, 0x3f,
	  0xff, 0xff, 0xff, 0x3f, 0xff, 0xff, 0xff, 0x3f, 0xff, 0xff, 0xff, 0x3f,
	  0xff, 0xff, 0xff, 0x3f, 0xff, 0xff, 0xff, 0x3f, 0xff, 0xff, 0xff, 0x3f,
	  0xff, 0xff, 0xff, 0x3f, 0xff, 0xff, 0xff, 0x3f, 0xff, 0xff, 0xff, 0x3f,
	  0xff, 0xff, 0xff, 0x3f, 0xff, 0xff, 0xff, 0x3f, 0xff, 0xff, 0xff, 0x3f,
	  0xff, 0xff, 0xff, 0x3f, 0xff, 0xff, 0xff, 0x3f, 0xff, 0xff, 0xff, 0x3f,
	  0xff, 0xff, 0xff, 0x3f, 0xff, 0xff, 0xff, 0x3f, 0xff, 0xff, 0xff, 0x3f,
	  0xff, 0xff, 0xff, 0x3f, 0xff, 0xff, 0xff, 0x3f, 0xff, 0xff, 0xff, 0x3f,
	  0xff, 0xff, 0xff, 0x3f, 0xff, 0xff, 0xff, 0x3f, 0xff, 0xff, 0xff, 0x3f,
	  0xff, 0xff, 0xff, 0x3f, 0xff, 0xff, 0xff, 0x3f, 0xff, 0xff, 0xff, 0x3f,
	  0xff, 0xff, 0xff, 0x3f, 0xff, 0xff, 0xff, 0x3f, 0xff, 0xff, 0xff, 0x3f,
	  0xff, 0xff, 0xff, 0x3f, 0xff, 0xff, 0xff, 0x3f, 0xff, 0xff, 0xff, 0x3f,
	  0xff, 0xff, 0xff, 0x3f, 0xff, 0xff, 0xff, 0x3f, 0xff, 0xff, 0xff, 0x3f,
	  0xff, 0xff, 0xff, 0x3f, 0xff, 0xff, 0xff, 0x3f, 0xff, 0xff, 0xff, 0x3f,
	  0xff, 0xff, 0xff, 0x3f, 0xff, 0xff, 0xff, 0x3f, 0xff, 0xff, 0xff, 0x3f,
	  0xff, 0xff, 0xff, 0x3f, 0xff, 0xff, 0xff, 0x3f, 0xff, 0xff, 0xff, 0x3f,
	  0xff, 0xff, 0xff, 0x3f, 0xff, 0xff, 0xff, 0x3f, 0xff, 0xff, 0xff, 0x3f,
	  0xff, 0xff, 0xff, 0x3f, 0xff, 0xff, 0xff, 0x3f, 0xff, 0xff, 0xff, 0x3f,
	  0xff, 0xff, 0xff, 0x3f, 0xff, 0xff, 0xff, 0x3f, 0xff, 0xff, 0xff, 0x3f,
	  0xff, 0xff, 0xff, 0x3f, 0xff, 0xff, 0xff, 0x3f, 0xff, 0xff, 0xff, 0x3f,
	  0xff, 0xff, 0xff, 0x3f, 0xff, 0xff, 0xff, 0x3f, 0xff, 0xff, 0xff, 0x3f,
	  0xff, 0xff, 0xff, 0x3f, 0xff, 0xff, 0xff, 0x3f, 0xff, 0xff, 0xff, 0x3f,
	  0xff, 0xff, 0xff, 0x3f, 0xff, 0xff, 0xff, 0x3f, 0xff, 0xff, 0xff, 0x3f,
	  0xff, 0xff, 0xff, 0x3f, 0xff, 0xff, 0xff, 0x3f, 0xff, 0xff, 0xff, 0x3f,
	  0xff, 0xff, 0xff, 0x3f, 0xff, 0xff, 0xff, 0x3f, 0xff, 0xff, 0xff, 0x3f,
	  0xff, 0xff, 0xff, 0x3f, 0xff, 0xff, 0xff, 0x3f, 0xff, 0xff, 0xff, 0x3f,
	  0xff, 0xff, 0xff, 0x3f, 0xff, 0xff, 0xff, 0x3f, 0xff, 0xff, 0xff, 0x3f,
	  0xff, 0xff, 0xff, 0x3f, 0xff, 0xff, 0xff, 0x3f, 0xff, 0xff, 0xff, 0x3f,
	  0xff, 0xff, 0xff, 0x3f, 0xff, 0xff, 0xff, 0x3f, 0xff, 0xff, 0xff, 0x3f,
	  0xff, 0xff, 0xff, 0x3f, 0xff, 0xff, 0xff, 0x3f, 0xff, 0xff, 0xff, 0x3f,
	  0xff, 0xff, 0xff, 0x3f, 0xff, 0xff, 0xff, 0x3f, 0xff, 0xff, 0xff, 0x3f,
	  0xff, 0xff, 0xff, 0x3f, 0xff, 0xff, 0xff, 0x3f, 0xff, 0x7f, 0x00, 0x00,
	  0x01, 0x00, 0x00, 0x00, 0x00, 0x00, 0x00, 0x00, 0x00, 0x00, 0x00, 0x00,
	  0x00, 0x00, 0x00, 0x00, 0x44, 0x04, 0x00, 0x00, 0x00, 0x00, 0x00, 0x00,
	  0x00, 0x00, 0x00, 0x00, 0x00, 0x00, 0x00, 0x00, 0x01, 0x08, 0x00, 0x00,
	  0x00, 0x10, 0x00, 0x08, 0x00, 0x10, 0x00, 0x08, 0x00, 0x10, 0x00, 0x08,
	  0x00, 0x10, 0x00, 0x08, 0x00, 0x10, 0x00, 0x08, 0x00, 0x10, 0x00, 0x08,
	  0x00, 0x10, 0x00, 0x08, 0x00, 0x10, 0x00, 0x08, 0x00, 0x10, 0x00, 0x08,
	  0x00, 0x10, 0x00, 0x08, 0x00, 0x10, 0x00, 0x08, 0x00, 0x10, 0x00, 0x08,
	  0x00, 0x10, 0x00, 0x08, 0x00, 0x10, 0x00, 0x08, 0x00, 0x10, 0x00, 0x08,
	  0x00, 0x10, 0x00, 0x08, 0x00, 0x10, 0x00, 0x08, 0x00, 0x10, 0x00, 0x08,
	  0x00, 0x10, 0x00, 0x08, 0x00, 0x10, 0x00, 0x08, 0x00, 0x10, 0x00, 0x08,
	  0x00, 0x10, 0x00, 0x08, 0x00, 0x10, 0x00, 0x08, 0x00, 0x10, 0x00, 0x08,
	  0x00, 0x10, 0x00, 0x08, 0x00, 0x10, 0x00, 0x08, 0x00, 0x10, 0x00, 0x08,
	  0x00, 0x10, 0x00, 0x08, 0x00, 0x10, 0x00, 0x08, 0x00, 0x10, 0x00, 0x08,
	  0x00, 0x10, 0x00, 0x08, 0x00, 0x10, 0x00, 0x08, 0x00, 0x10, 0x00, 0x08,
	  0x00, 0x10, 0x00, 0x08, 0x00, 0x10, 0x00, 0x08, 0x00, 0x10, 0x00, 0x08,
	  0x00, 0x10, 0x00, 0x08, 0x00, 0x10, 0x00, 0x08, 0x00, 0x10, 0x00, 0x08,
	  0x00, 0x10, 0x00, 0x08, 0x00, 0x10, 0x00, 0x08, 0x00, 0x10, 0x00, 0x08,
	  0x00, 0x10, 0x00, 0x08, 0x00, 0x10, 0x00, 0x08, 0x00, 0x10, 0x00, 0x08,
	  0x00, 0x10, 0x00, 0x08, 0x00, 0x10, 0x00, 0x08, 0x00, 0x10, 0x00, 0x08,
	  0x00, 0x10, 0x00, 0x08, 0x00, 0x10, 0x00, 0x08, 0x00, 0x10, 0x00, 0x08,
	  0x00, 0x10, 0x00, 0x08, 0x00, 0x10, 0x00, 0x08, 0x00, 0x10, 0x00, 0x08,
	  0x00, 0x10, 0x00, 0x08, 0x00, 0x10, 0x00, 0x08, 0x00, 0x10, 0x00, 0x08,
	  0x00, 0x10, 0x00, 0x08, 0x00, 0x10, 0x00, 0x08, 0x00, 0x10, 0x00, 0x08,
	  0x00, 0x10, 0x00, 0x08, 0x00, 0x10, 0x00, 0x08, 0x00, 0x10, 0x00, 0x08,
	  0x00, 0x10, 0x00, 0x08, 0x00, 0x10, 0x00, 0x08, 0x00, 0x10, 0x00, 0x08,
	  0x00, 0x10, 0x00, 0x08, 0x00, 0x10, 0x00, 0x08, 0x00, 0x10, 0x00, 0x08,
	  0x00, 0x10, 0x00, 0x08, 0x00, 0x10, 0x00, 0x08, 0x00, 0x10, 0x00, 0x08,
	  0x00, 0x10, 0x00, 0x08, 0x00, 0x10, 0x00, 0x08, 0x00, 0x10, 0x00, 0x08,
	  0x00, 0x10, 0x00, 0x08, 0x00, 0x10, 0x00, 0x08, 0x00, 0x10, 0x00, 0x08,
	  0x00, 0x10, 0x00, 0x08, 0x00, 0x10, 0x00, 0x08, 0x00, 0x10, 0x00, 0x08,
	  0x00, 0x10, 0x00, 0x08, 0x00, 0x10, 0x00, 0x08, 0x00, 0x10, 0x00, 0x08,
	  0x00, 0x10, 0x00, 0x08, 0x00, 0x10, 0x00, 0x08, 0x00, 0x10, 0x00, 0x08,
	  0x00, 0x10, 0x00, 0x08, 0x00, 0x10, 0x00, 0x08, 0x00, 0x10, 0x00, 0x08,
	  0x00, 0x10, 0x00, 0x08, 0x00, 0x10, 0x00, 0x08, 0x00, 0x10, 0x00, 0x08,
	  0x00, 0x10, 0x00, 0x08, 0x00, 0x10, 0x00, 0x08, 0x00, 0x10, 0x00, 0x08,
	  0x00, 0x10, 0x00, 0x08, 0x00, 0x10, 0x00, 0x08, 0x00, 0x10, 0x00, 0x08,
	  0x00, 0x10, 0x00, 0x08, 0x00, 0x10, 0x00, 0x08, 0x00, 0x10, 0x00, 0x08,
	  0x00, 0x10, 0x00, 0x08, 0x00, 0x10, 0x00, 0x08, 0x00, 0x10, 0x00, 0x08,
	  0x00, 0x10, 0x00, 0x08, 0x00, 0x10, 0x00, 0x08, 0x00, 0x10, 0x00, 0x08,
	  0x00, 0x10, 0x00, 0x08, 0x00, 0x10, 0x00, 0x08, 0x00, 0x10, 0x00, 0x08,
	  0x00, 0x10, 0x00, 0x08, 0x00, 0x10, 0x00, 0x08, 0x00, 0x10, 0x00, 0x08,
	  0x00, 0x10, 0x00, 0x08, 0x00, 0x10, 0x00, 0x08, 0x00, 0x10, 0x00, 0x08,
	  0x00, 0x10, 0x00, 0x08, 0x00, 0x10, 0x00, 0x08, 0x00, 0x10, 0x00, 0x08,
	  0x00, 0x10, 0x00, 0x08, 0x00, 0x10, 0x00, 0x08, 0x00, 0x10, 0x00, 0x08,
	  0x00, 0x10, 0x00, 0x08, 0x00, 0x10, 0x00, 0x08, 0x00, 0x10, 0x00, 0x08,
	  0x00, 0x10, 0x00, 0x08, 0x00, 0x10, 0x00, 0x08, 0x00, 0x10, 0x00, 0x08,
	  0x00, 0x10, 0x00, 0x08, 0x00, 0x10, 0x00, 0x08, 0x00, 0x10, 0x00, 0x08,
	  0x00, 0x10, 0x00, 0x08, 0x00, 0x10, 0x00, 0x08, 0x00, 0x10, 0x00, 0x08,
	  0x00, 0x10, 0x00, 0x08, 0x00, 0x10, 0x00, 0x08, 0x00, 0x10, 0x00, 0x08,
	  0x00, 0x10, 0x00, 0x08, 0x00, 0x10, 0x00, 0x08, 0x00, 0x10, 0x00, 0x08,
	  0x00, 0x10, 0x00, 0x08, 0x00, 0x10, 0x00, 0x08, 0x00, 0x10, 0x00, 0x08,
	  0x00, 0x10, 0x00, 0x08, 0x00, 0x10, 0x00, 0x08, 0x00, 0x10, 0x00, 0x08,
	  0x00, 0x10, 0x00, 0x08, 0x00, 0x10, 0x00, 0x08, 0x00, 0x10, 0x00, 0x08,
	  0x00, 0x10, 0x00, 0x08, 0x00, 0x10, 0x00, 0x08, 0x00, 0x10, 0x00, 0x08,
	  0x00, 0x10, 0x00, 0x08, 0x00, 0x10, 0x00, 0x08, 0x00, 0x10, 0x00, 0x08,
	  0x00, 0x10, 0x00, 0x08, 0x00, 0x10, 0x00, 0x08, 0x00, 0x10, 0x00, 0x08,
	  0x00, 0x10, 0x00, 0x08, 0x00, 0x10, 0x00, 0x08, 0x00, 0x10, 0x00, 0x08,
	  0x00, 0x10, 0x00, 0x08, 0x00, 0x10, 0x00, 0x08, 0x00, 0x10, 0x00, 0x08,
	  0x00, 0x10, 0x00, 0x08, 0x00, 0x10, 0x00, 0x08, 0x00, 0x10, 0x00, 0x08,
	  0x00, 0x10, 0x00, 0x08, 0x00, 0x10, 0x00, 0x08, 0x00, 0x10, 0x00, 0x08,
	  0x00, 0x10, 0x00, 0x08, 0x00, 0x10, 0x00, 0x08, 0x00, 0x10, 0x00, 0x08,
	  0x00, 0x10, 0x00, 0x08, 0x00, 0x10, 0x00, 0x08, 0x00, 0x10, 0x00, 0x08,
	  0x00, 0x10, 0x00, 0x08, 0x00, 0x10, 0x00, 0x08, 0x00, 0x10, 0x00, 0x08,
	  0x00, 0x10, 0x00, 0x08, 0x00, 0x10, 0x00, 0x08, 0x00, 0x10, 0x00, 0x08,
	  0x00, 0x10, 0x00, 0x08, 0x00, 0x10, 0x00, 0x08, 0x00, 0x10, 0x00, 0x08,
	  0x00, 0x10, 0x00, 0x08, 0x00, 0x10, 0x00, 0x08, 0x00, 0x10, 0x00, 0x08,
	  0x00, 0x10, 0x00, 0x08, 0x00, 0x10, 0x00, 0x08, 0x00, 0x10, 0x00, 0x08,
	  0x00, 0x10, 0x00, 0x08, 0x00, 0x10, 0x00, 0x08, 0x00, 0x10, 0x00, 0x08,
	  0x00, 0x10, 0x00, 0x08, 0x00, 0x10, 0x00, 0x08, 0x00, 0x10, 0x00, 0x08,
	  0x00, 0x10, 0x00, 0x08, 0x00, 0x10, 0x00, 0x08, 0x00, 0x10, 0x00, 0x08,
	  0x00, 0x10, 0x00, 0x08, 0x00, 0x10, 0x00, 0x08, 0x00, 0x10, 0x00, 0x08,
	  0x00, 0x10, 0x00, 0x08, 0x00, 0x10, 0x00, 0x08, 0x00, 0x10, 0x00, 0x08,
	  0x00, 0x10, 0x00, 0x08, 0x00, 0x10, 0x00, 0x08, 0x00, 0x10, 0x00, 0x08,
	  0x00, 0x10, 0x00, 0x08, 0x00, 0x10, 0x00, 0x08, 0x00, 0x10, 0x00, 0x08,
	  0x00, 0x10, 0x00, 0x08, 0x00, 0x10, 0x00, 0x08, 0x00, 0x10, 0x00, 0x08,
	  0x00, 0x10, 0x00, 0x08, 0x00, 0x10, 0x00, 0x08, 0x00, 0x10, 0x00, 0x08,
	  0x00, 0x10, 0x00, 0x08, 0x00, 0x10, 0x00, 0x08, 0x00, 0x10, 0x00, 0x08,
	  0x00, 0x10, 0x00, 0x08, 0x00, 0x10, 0x00, 0x08, 0x00, 0x10, 0x00, 0x08,
	  0x00, 0x10, 0x00, 0x08, 0x00, 0x10, 0x00, 0x08, 0x00, 0x10, 0x00, 0x08,
	  0x00, 0x10, 0x00, 0x08, 0x00, 0x10, 0x00, 0x08, 0x00, 0x10, 0x00, 0x08,
	  0x00, 0x10, 0x00, 0x08, 0x00, 0x10, 0x00, 0x08, 0x00, 0x10, 0x00, 0x08,
	  0x00, 0x10, 0x00, 0x08, 0x00, 0x10, 0x00, 0x08, 0x00, 0x10, 0x00, 0x08,
	  0x00, 0x10, 0x00, 0x08, 0x00, 0x10, 0x00, 0x08, 0x00, 0x10, 0x00, 0x08,
	  0x00, 0x10, 0x00, 0x08, 0x00, 0x10, 0x00, 0x08, 0x00, 0x10, 0x00, 0x08,
	  0x00, 0x10, 0x00, 0x08, 0x00, 0x10, 0x00, 0x08, 0x00, 0x10, 0x00, 0x08,
	  0x00, 0x10, 0x00, 0x08, 0x00, 0x10, 0x00, 0x08, 0x00, 0x10, 0x00, 0x08,
	  0x00, 0x10, 0x00, 0x08, 0x00, 0x10, 0x00, 0x08, 0x00, 0x10, 0x00, 0x08,
	  0x00, 0x10, 0x00, 0x08, 0x00, 0x10, 0x00, 0x08, 0x00, 0x10, 0x00, 0x08,
	  0x00, 0x10, 0x00, 0x08, 0x00, 0x10, 0x00, 0x08, 0x00, 0x10, 0x00, 0x08,
	  0x00, 0x10, 0x00, 0x08, 0x00, 0x10, 0x00, 0x08, 0x00, 0x10, 0x00, 0x08,
	  0x00, 0x10, 0x00, 0x08, 0x00, 0x10, 0x00, 0x08, 0x00, 0x10, 0x00, 0x08,
	  0x00, 0x10, 0x00, 0x08, 0x00, 0x10, 0x00, 0x08, 0x00, 0x10, 0x00, 0x08,
	  0x00, 0x10, 0x00, 0x08, 0x00, 0x10, 0x00, 0x08, 0x00, 0x10, 0x00, 0x08,
	  0x00, 0x10, 0x00, 0x08, 0x00, 0x10, 0x00, 0x08, 0x00, 0x10, 0x00, 0x08,
	  0x00, 0x10, 0x00, 0x08, 0x00, 0x10, 0x00, 0x08, 0x00, 0x10, 0x00, 0x08,
	  0x00, 0x10, 0x00, 0x08, 0x00, 0x10, 0x00, 0x08, 0x00, 0x10, 0x00, 0x08,
	  0x00, 0x10, 0x00, 0x08, 0x00, 0x10, 0x00, 0x08, 0x00, 0x10, 0x00, 0x08,
	  0x00, 0x10, 0x00, 0x08, 0x00, 0x10, 0x00, 0x08, 0x00, 0x10, 0x00, 0x08,
	  0x00, 0x10, 0x00, 0x08, 0x00, 0x10, 0x00, 0x08, 0x00, 0x10, 0x00, 0x08,
	  0x00, 0x10, 0x00, 0x08, 0x00, 0x10, 0x00, 0x08, 0x00, 0x10, 0x00, 0x08,
	  0x00, 0x10, 0x00, 0x08, 0x00, 0x10, 0x00, 0x08, 0x00, 0x10, 0x00, 0x08,
	  0x00, 0x10, 0x00, 0x08, 0x00, 0x10, 0x00, 0x08, 0x00, 0x10, 0x00, 0x08,
	  0x00, 0x10, 0x00, 0x08, 0x00, 0x10, 0x00, 0x08, 0x00, 0x10, 0x00, 0x08,
	  0x00, 0x10, 0x00, 0x08, 0x00, 0x10, 0x00, 0x08, 0x00, 0x10, 0x00, 0x08,
	  0x00, 0x10, 0x00, 0x08, 0x00, 0x10, 0x00, 0x08, 0x00, 0x10, 0x00, 0x08,
	  0x00, 0x10, 0x00, 0x08, 0x00, 0x10, 0x00, 0x08, 0x00, 0x10, 0x00, 0x08,
	  0x00, 0x10, 0x00, 0x08, 0x00, 0x10, 0x00, 0x08, 0x00, 0x10, 0x00, 0x08,
	  0x00, 0x10, 0x00, 0x08, 0x00, 0x10, 0x00, 0x08, 0x00, 0x10, 0x00, 0x08,
	  0x00, 0x10, 0x00, 0x08, 0x00, 0x10, 0x00, 0x08, 0x00, 0x10, 0x00, 0x08,
	  0x00, 0x10, 0x00, 0x08, 0x00, 0x10, 0x00, 0x08, 0x00, 0x10, 0x00, 0x08,
	  0x00, 0x10, 0x00, 0x08, 0x00, 0x10, 0x00, 0x08, 0x00, 0x10, 0x00, 0x08,
	  0x00, 0x10, 0x00, 0x08, 0x00, 0x10, 0x00, 0x08, 0x00, 0x10, 0x00, 0x08,
	  0x00, 0x10, 0x00, 0x08, 0x00, 0x10, 0x00, 0x08, 0x00, 0x10, 0x00, 0x08,
	  0x00, 0x10, 0x00, 0x08, 0x00, 0x10, 0x00, 0x08, 0x00, 0x10, 0x00, 0x08,
	  0x00, 0x10, 0x00, 0x08, 0x00, 0x10, 0x00, 0x08, 0x00, 0x10, 0x00, 0x08,
	  0x00, 0x10, 0x00, 0x08, 0x00, 0x10, 0x00, 0x08, 0x00, 0x10, 0x00, 0x08,
	  0x00, 0x10, 0x00, 0x08, 0x00, 0x10, 0x00, 0x08, 0x00, 0x10, 0x00, 0x08,
	  0x00, 0x10, 0x00, 0x08, 0x00, 0x10, 0x00, 0x08, 0x00, 0x10, 0x00, 0x08,
	  0x00, 0x10, 0x00, 0x08, 0x00, 0x10, 0x00, 0x08, 0x00, 0x10, 0x00, 0x08,
	  0x00, 0x10, 0x00, 0x08, 0x00, 0x10, 0x00, 0x08, 0x00, 0x10, 0x00, 0x08,
	  0x00, 0x10, 0x00, 0x08, 0x00, 0x10, 0x00, 0x08, 0x00, 0x10, 0x00, 0x08,
	  0x00, 0x10, 0x00, 0x08, 0x00, 0x10, 0x00, 0x08, 0x00, 0x10, 0x00, 0x08,
	  0x00, 0x10, 0x00, 0x08, 0x00, 0x10, 0x00, 0x08, 0x00, 0x10, 0x00, 0x08,
	  0x00, 0x10, 0x00, 0x08, 0x00, 0x10, 0x00, 0x08, 0x00, 0x10, 0x00, 0x08,
	  0x00, 0x10, 0x00, 0x08, 0x00, 0x10, 0x00, 0x08, 0x00, 0x10, 0x00, 0x08,
	  0x00, 0x10, 0x00, 0x08, 0x00, 0x10, 0x00, 0x08, 0x00, 0x10, 0x00, 0x08,
	  0x00, 0x10, 0x00, 0x08, 0x00, 0x10, 0x00, 0x08, 0x00, 0x10, 0x00, 0x08,
	  0x00, 0x10, 0x00, 0x08, 0x00, 0x10, 0x00, 0x08, 0x00, 0x10, 0x00, 0x08,
	  0x00, 0x10, 0x00, 0x08, 0x00, 0x10, 0x00, 0x08, 0x00, 0x10, 0x00, 0x08,
	  0x00, 0x10, 0x00, 0x08, 0x00, 0x10, 0x00, 0x08, 0x00, 0x10, 0x00, 0x08,
	  0x00, 0x10, 0x00, 0x08, 0x00, 0x10, 0x00, 0x08, 0x00, 0x10, 0x00, 0x08,
	  0x00, 0x10, 0x00, 0x08, 0x00, 0x10, 0x00, 0x08, 0x00, 0x10, 0x00, 0x08,
	  0x00, 0x10, 0x00, 0x08, 0x00, 0x10, 0x00, 0x08, 0x00, 0x10, 0x00, 0x08,
	  0x00, 0x10, 0x00, 0x08, 0x00, 0x10, 0x00, 0x08, 0x00, 0x10, 0x00, 0x08,
	  0x00, 0x10, 0x00, 0x08, 0x00, 0x10, 0x00, 0x08, 0x00, 0x10, 0x00, 0x08,
	  0x00, 0x10, 0x00, 0x08, 0x00, 0x10, 0x00, 0x08, 0x00, 0x10, 0x00, 0x08,
	  0x00, 0x10, 0x00, 0x08, 0x00, 0x10, 0x00, 0x08, 0x00, 0x10, 0x00, 0x08,
	  0x00, 0x10, 0x00, 0x08, 0x00, 0x10, 0x00, 0x08, 0x00, 0x10, 0x00, 0x08,
	  0x00, 0x10, 0x00, 0x08, 0x00, 0x10, 0x00, 0x08, 0x00, 0x10, 0x00, 0x08,
	  0x00, 0x10, 0x00, 0x08, 0x00, 0x10, 0x00, 0x08, 0x00, 0x10, 0x00, 0x08,
	  0x00, 0x10, 0x00, 0x08, 0x00, 0x10, 0x00, 0x08, 0x00, 0x10, 0x00, 0x08,
	  0x00, 0x10, 0x00, 0x08, 0x00, 0x10, 0x00, 0x08, 0x00, 0x10, 0x00, 0x08,
	  0x00, 0x10, 0x00, 0x08, 0x00, 0x10, 0x00, 0x08, 0x00, 0x10, 0x00, 0x08,
	  0x00, 0x10, 0x00, 0x08, 0x00, 0x10, 0x00, 0x08, 0x00, 0x10, 0x00, 0x08,
	  0x00, 0x10, 0x00, 0x08, 0x00, 0x10, 0x00, 0x08, 0x00, 0x10, 0x00, 0x08,
	  0x00, 0x10, 0x00, 0x08, 0x00, 0x10, 0x00, 0x08, 0x00, 0x10, 0x00, 0x08,
	  0x00, 0x10, 0x00, 0x08, 0x00, 0x10, 0x00, 0x08, 0x00, 0x10, 0x00, 0x08,
	  0x00, 0x10, 0x00, 0x08, 0x00, 0x10, 0x00, 0x08, 0x00, 0x10, 0x00, 0x08,
	  0x00, 0x10, 0x00, 0x08, 0x00, 0x10, 0x00, 0x08, 0x00, 0x10, 0x00, 0x08,
	  0x00, 0x10, 0x00, 0x08, 0x00, 0x10, 0x00, 0x08, 0x00, 0x10, 0x00, 0x08,
	  0x00, 0x10, 0x00, 0x08, 0x00, 0x10, 0x00, 0x08, 0x00, 0x10, 0x00, 0x08,
	  0x00, 0x10, 0x00, 0x08, 0x00, 0x10, 0x00, 0x08, 0x00, 0x10, 0x00, 0x08,
	  0x00, 0x10, 0x00, 0x08, 0x00, 0x10, 0x00, 0x08, 0x00, 0x10, 0x00, 0x08,
	  0x00, 0x10, 0x00, 0x08, 0x00, 0x10, 0x00, 0x08, 0x00, 0x10, 0x00, 0x08,
	  0x00, 0x10, 0x00, 0x08, 0x00, 0x10, 0x00, 0x08, 0x00, 0x10, 0x00, 0x08,
	  0x00, 0x10, 0x00, 0x08, 0x00, 0x10, 0x00, 0x08, 0x00, 0x10, 0x00, 0x08,
	  0x00, 0x10, 0x00, 0x08, 0x00, 0x10, 0x00, 0x08, 0x00, 0x10, 0x00, 0x08,
	  0x00, 0x10, 0x00, 0x08, 0x00, 0x10, 0x00, 0x08, 0x00, 0x10, 0x00, 0x08,
	  0x00, 0x10, 0x00, 0x08, 0x00, 0x10, 0x00, 0x08, 0x00, 0x10, 0x00, 0x08,
	  0x00, 0x10, 0x00, 0x08, 0x00, 0x10, 0x00, 0x08, 0x00, 0x10, 0x00, 0x08,
	  0x00, 0x10, 0x00, 0x08, 0x00, 0x10, 0x00, 0x08, 0x00, 0x10, 0x00, 0x08,
	  0x00, 0x10, 0x00, 0x08, 0x00, 0x10, 0x00, 0x08, 0x00, 0x10, 0x00, 0x08,
	  0x00, 0x10, 0x00, 0x08, 0x00, 0x10, 0x00, 0x08, 0x00, 0x10, 0x00, 0x08,
	  0x00, 0x10, 0x00, 0x08, 0x00, 0x10, 0x00, 0x08, 0x00, 0x10, 0x00, 0x08,
	  0x00, 0x10, 0x00, 0x08, 0x00, 0x10, 0x00, 0x08, 0x00, 0x10, 0x00, 0x08,
	  0x00, 0x10, 0x00, 0x08, 0x00, 0x10, 0x00, 0x08, 0x00, 0x10, 0x00, 0x08,
	  0x00, 0x10, 0x00, 0x08, 0x00, 0x10, 0x00, 0x08, 0x00, 0x10, 0x00, 0x08,
	  0x00, 0x10, 0x00, 0x08, 0x00, 0x10, 0x00, 0x08, 0x00, 0x10, 0x00, 0x08,
	  0x00, 0x10, 0x00, 0x08, 0x00, 0x10, 0x00, 0x08, 0x00, 0x10, 0x00, 0x08,
	  0x00, 0x10, 0x00, 0x08, 0x00, 0x10, 0x00, 0x08, 0x00, 0x10, 0x00, 0x08,
	  0x00, 0x10, 0x00, 0x08, 0x00, 0x10, 0x00, 0x08, 0x00, 0x10, 0x00, 0x08,
	  0x00, 0x10, 0x00, 0x08, 0x00, 0x10, 0x00, 0x08, 0x00, 0x10, 0x00, 0x08,
	  0x00, 0x10, 0x00, 0x08, 0x00, 0x10, 0x00, 0x08, 0x00, 0x10, 0x00, 0x08,
	  0x00, 0x10, 0x00, 0x08, 0x00, 0x10, 0x00, 0x08, 0x00, 0x10, 0x00, 0x08,
	  0x00, 0x10, 0x00, 0x08, 0x00, 0x10, 0x00, 0x08, 0x00, 0x10, 0x00, 0x08,
	  0x00, 0x10, 0x00, 0x08, 0x00, 0x10, 0x00, 0x08, 0x00, 0x10, 0x00, 0x08,
	  0x00, 0x10, 0x00, 0x08, 0x00, 0x10, 0x00, 0x08, 0x00, 0x10, 0x00, 0x08,
	  0x00, 0x10, 0x00, 0x08, 0x00, 0x10, 0x00, 0x08, 0x00, 0x10, 0x00, 0x08,
	  0x00, 0x10, 0x00, 0x08, 0x00, 0x10, 0x00, 0x08, 0x00, 0x10, 0x00, 0x08,
	  0x00, 0x10, 0x00, 0x08, 0x00, 0x10, 0x00, 0x08, 0x00, 0x10, 0x00, 0x08,
	  0x00, 0x10, 0x00, 0x08, 0x00, 0x10, 0x00, 0x08, 0x00, 0x10, 0x00, 0x08,
	  0x00, 0x10, 0x00, 0x08, 0x00, 0x10, 0x00, 0x08, 0x00, 0x10, 0x00, 0x08,
	  0x00, 0x10, 0x00, 0x08, 0x00, 0x10, 0x00, 0x08, 0x00, 0x10, 0x00, 0x08,
	  0x00, 0x10, 0x00, 0x08, 0x00, 0x10, 0x00, 0x08, 0x00, 0x10, 0x00, 0x08,
	  0x00, 0x10, 0x00, 0x08, 0x00, 0x10, 0x00, 0x08, 0x00, 0x10, 0x00, 0x08,
	  0x00, 0x10, 0x00, 0x08, 0x00, 0x10, 0x00, 0x08, 0x00, 0x10, 0x00, 0x08,
	  0x00, 0x10, 0x00, 0x08, 0x00, 0x10, 0x00, 0x08, 0x00, 0x10, 0x00, 0x08,
	  0x00, 0x10, 0x00, 0x08, 0x00, 0x10, 0x00, 0x08, 0x00, 0x10, 0x00, 0x08,
	  0x00, 0x10, 0x00, 0x08, 0x00, 0x10, 0x00, 0x08, 0x00, 0x10, 0x00, 0x08,
	  0x00, 0x10, 0x00, 0x08, 0x00, 0x10, 0x00, 0x08, 0x00, 0x10, 0x00, 0x08,
	  0x00, 0x10, 0x00, 0x08, 0x00, 0x10, 0x00, 0x08, 0x00, 0x10, 0x00, 0x08,
	  0x00, 0x10, 0x00, 0x08, 0x00, 0x10, 0x00, 0x08, 0x00, 0x10, 0x00, 0x08,
	  0x00, 0x10, 0x00, 0x08, 0x00, 0x10, 0x00, 0x08, 0x00, 0x10, 0x00, 0x08,
	  0x00, 0x10, 0x00, 0x08, 0x00, 0x10, 0x00, 0x08, 0x00, 0x10, 0x00, 0x08,
	  0x00, 0x10, 0x00, 0x08, 0x00, 0x10, 0x00, 0x08, 0x00, 0x10, 0x00, 0x08,
	  0x00, 0x10, 0x00, 0x08, 0x00, 0x10, 0x00, 0x08, 0x00, 0x10, 0x00, 0x08,
	  0x00, 0x10, 0x00, 0x08, 0x00, 0x10, 0x00, 0x08, 0x00, 0x10, 0x00, 0x08,
	  0x00, 0x10, 0x00, 0x08, 0x00, 0x10, 0x00, 0x08, 0x00, 0x10, 0x00, 0x08,
	  0x00, 0x10, 0x00, 0x08, 0x00, 0x10, 0x00, 0x08, 0x00, 0x10, 0x00, 0x08,
	  0x00, 0x10, 0x00, 0x08, 0x00, 0x10, 0x00, 0x08, 0x00, 0x10, 0x00, 0x08,
	  0x00, 0x10, 0x00, 0x08, 0x00, 0x10, 0x00, 0x08, 0x00, 0x10, 0x00, 0x08,
	  0x00, 0x10, 0x00, 0x08, 0x00, 0x10, 0x00, 0x08, 0x00, 0x10, 0x00, 0x08,
	  0x00, 0x10, 0x00, 0x08, 0x00, 0x10, 0x00, 0x08, 0x00, 0x10, 0x00, 0x08,
	  0x00, 0x10, 0x00, 0x08, 0x00, 0x10, 0x00, 0x08, 0x00, 0x10, 0x00, 0x08,
	  0x00, 0x10, 0x00, 0x08, 0x00, 0x10, 0x00, 0x08, 0x00, 0x10, 0x00, 0x08,
	  0x00, 0x10, 0x00, 0x08, 0x00, 0x10, 0x00, 0x08, 0x00, 0x10, 0x00, 0x08,
	  0x00, 0x10, 0x00, 0x08, 0x00, 0x10, 0x00, 0x08, 0x00, 0x10, 0x00, 0x08,
	  0x00, 0x10, 0x00, 0x08, 0x00, 0x10, 0x00, 0x08, 0x00, 0x10, 0x00, 0x08,
	  0x00, 0x10, 0x00, 0x08, 0x00, 0x10, 0x00, 0x08, 0x00, 0x10, 0x00, 0x08,
	  0x00, 0x10, 0x00, 0x08, 0x00, 0x10, 0x00, 0x08, 0x00, 0x10, 0x00, 0x08,
	  0x00, 0x10, 0x00, 0x08, 0x00, 0x10, 0x00, 0x08, 0x00, 0x10, 0x00, 0x08,
	  0x00, 0x10, 0x00, 0x08, 0x00, 0x10, 0x00, 0x08, 0x00, 0x10, 0x00, 0x08,
	  0x00, 0x10, 0x00, 0x08, 0x00, 0x10, 0x00, 0x08, 0x00, 0x10, 0x00, 0x08,
	  0x00, 0x10, 0x00, 0x08, 0x00, 0x10, 0x00, 0x08, 0x00, 0x10, 0x00, 0x08,
	  0x00, 0x10, 0x00, 0x08, 0x00, 0x10, 0x00, 0x08, 0x00, 0x10, 0x00, 0x08,
	  0x00, 0x10, 0x00, 0x08, 0x00, 0x10, 0x00, 0x08, 0x00, 0x10, 0x00, 0x08,
	  0x00, 0x10, 0x00, 0x08, 0x00, 0x10, 0x00, 0x08, 0x00, 0x10, 0x00, 0x08,
	  0x00, 0x10, 0x00, 0x08, 0x00, 0x10, 0x00, 0x08, 0x00, 0x10, 0x00, 0x08,
	  0x00, 0x10, 0x00, 0x08, 0x00, 0x10, 0x00, 0x08, 0x00, 0x10, 0x00, 0x08,
	  0x00, 0x10, 0x00, 0x08, 0x00, 0x10, 0x00, 0x08, 0x00, 0x10, 0x00, 0x08,
	  0x00, 0x10, 0x00, 0x08, 0x00, 0x10, 0x00, 0x08, 0x00, 0x10, 0x00, 0x08,
	  0x00, 0x10, 0x00, 0x08, 0x00, 0x10, 0x00, 0x08, 0x00, 0x10, 0x00, 0x08,
	  0x00, 0x10, 0x00, 0x08, 0x00, 0x10, 0x00, 0x08, 0x00, 0x10, 0x00, 0x08,
	  0x00, 0x10, 0x00, 0x08, 0x00, 0x10, 0x00, 0x08, 0x00, 0x10, 0x00, 0x08,
	  0x00, 0x10, 0x00, 0x08, 0x00, 0x10, 0x00, 0x08, 0x00, 0x10, 0x00, 0x08,
	  0x00, 0x10, 0x00, 0x08, 0x00, 0x10, 0x00, 0x08, 0x00, 0x10, 0x00, 0x08,
	  0x00, 0x10, 0x00, 0x08, 0x00, 0x10, 0x00, 0x08, 0x00, 0x10, 0x00, 0x08,
	  0x00, 0x10, 0x00, 0x08, 0x00, 0x10, 0x00, 0x08, 0x00, 0x10, 0x00, 0x08,
	  0x00, 0x10, 0x00, 0x08, 0x00, 0x10, 0x00, 0x08, 0x00, 0x10, 0x00, 0x08,
	  0x00, 0x10, 0x00, 0x08, 0x00, 0x10, 0x00, 0x08, 0x00, 0x10, 0x00, 0x08,
	  0x00, 0x10, 0x00, 0x08, 0x00, 0x10, 0x00, 0x08, 0x00, 0x10, 0x00, 0x08,
	  0x00, 0x10, 0x00, 0x08, 0x00, 0x10, 0x00, 0x08, 0x00, 0x10, 0x00, 0x08,
	  0x00, 0x10, 0x00, 0x08, 0x00, 0x10, 0x00, 0x08, 0x00, 0x10, 0x00, 0x08,
	  0x00, 0x10, 0x00, 0x08, 0x00, 0x10, 0x00, 0x08, 0x00, 0x10, 0x00, 0x08,
	  0x00, 0x10, 0x00, 0x08, 0x00, 0x10, 0x00, 0x08, 0x00, 0x10, 0x00, 0x08,
	  0x00, 0x10, 0x00, 0x08, 0x00, 0x10, 0x00, 0x08, 0x00, 0x10, 0x00, 0x08,
	  0x00, 0x10, 0x00, 0x08, 0x00, 0x10, 0x00, 0x08, 0x00, 0x10, 0x00, 0x08,
	  0x00, 0x10, 0x00, 0x08, 0x00, 0x10, 0x00, 0x08, 0x00, 0x10, 0x00, 0x08,
	  0x00, 0x10, 0x00, 0x08, 0x00, 0x10, 0x00, 0x08, 0x00, 0x10, 0x00, 0x08,
	  0x00, 0x10, 0x00, 0x08, 0x00, 0x10, 0x00, 0x08, 0x00, 0x10, 0x00, 0x08,
	  0x00, 0x10, 0x00, 0x08, 0x00, 0x10, 0x00, 0x08, 0x00, 0x10, 0x00, 0x08,
	  0x00, 0x10, 0x00, 0x08, 0x00, 0x10, 0x00, 0x08, 0x00, 0x10, 0x00, 0x08,
	  0x00, 0x10, 0x00, 0x08, 0x00, 0x10, 0x00, 0x08, 0x00, 0x10, 0x00, 0x08,
	  0x00, 0x10, 0x00, 0x08, 0x00, 0x10, 0x00, 0x08, 0x00, 0x10, 0x00, 0x08,
	  0x00, 0x10, 0x00, 0x08, 0x00, 0x10, 0x00, 0x08, 0x00, 0x10, 0x00, 0x08,
	  0x00, 0x10, 0x00, 0x08, 0x00, 0x10, 0x00, 0x08, 0x00, 0x10, 0x00, 0x08,
	  0x00, 0x10, 0x00, 0x08, 0x00, 0x10, 0x00, 0x08, 0x00, 0x10, 0x00, 0x08,
	  0x00, 0x10, 0x00, 0x08, 0x00, 0x10, 0x00, 0x08, 0x00, 0x10, 0x00, 0x08,
	  0x00, 0x10, 0x00, 0x08, 0x00, 0x10, 0x00, 0x08, 0x00, 0x10, 0x00, 0x08,
	  0x00, 0x10, 0x00, 0x08, 0x00, 0x10, 0x00, 0x08, 0x00, 0x10, 0x00, 0x08,
	  0x00, 0x10, 0x00, 0x08, 0x00, 0x10, 0x00, 0x08, 0x00, 0x10, 0x00, 0x08,
	  0x00, 0x10, 0x00, 0x08, 0x00, 0x10, 0x00, 0x08, 0x00, 0x10, 0x00, 0x08,
	  0x00, 0x10, 0x00, 0x08, 0x00, 0x10, 0x00, 0x08, 0x00, 0x10, 0x00, 0x08,
	  0x00, 0x10, 0x00, 0x08, 0x00, 0x10, 0x00, 0x08, 0x00, 0x10, 0x00, 0x08,
	  0x00, 0x10, 0x00, 0x08, 0x00, 0x10, 0x00, 0x08, 0x00, 0x10, 0x00, 0x08,
	  0x00, 0x10, 0x00, 0x08, 0x00, 0x10, 0x00, 0x08, 0x00, 0x10, 0x00, 0x08,
	  0x00, 0x10, 0x00, 0x08, 0x00, 0x10, 0x00, 0x08, 0x00, 0x10, 0x00, 0x08,
	  0x00, 0x10, 0x00, 0x08, 0x00, 0x10, 0x00, 0x08, 0x00, 0x10, 0x00, 0x08,
	  0x00, 0x10, 0x00, 0x08, 0x00, 0x10, 0x00, 0x08, 0x00, 0x10, 0x00, 0x08,
	  0x00, 0x10, 0x00, 0x08, 0x00, 0x10, 0x00, 0x08, 0x00, 0x10, 0x00, 0x08,
	  0x00, 0x10, 0x00, 0x08, 0x00, 0x10, 0x00, 0x08, 0x00, 0x10, 0x00, 0x08,
	  0x00, 0x10, 0x00, 0x08, 0x00, 0x10, 0x00, 0x08, 0x00, 0x10, 0x00, 0x08,
	  0x00, 0x10, 0x00, 0x08, 0x00, 0x10, 0x00, 0x08, 0x00, 0x10, 0x00, 0x08,
	  0x00, 0x10, 0x00, 0x08, 0x00, 0x10, 0x00, 0x08, 0x00, 0x10, 0x00, 0x08,
	  0x00, 0x10, 0x00, 0x08, 0x00, 0x10, 0x00, 0x08, 0x00, 0x10, 0x00, 0x08,
	  0x00, 0x10, 0x00, 0x08, 0x00, 0x10, 0x00, 0x08, 0x00, 0x10, 0x00, 0x08,
	  0x00, 0x10, 0x00, 0x08, 0x00, 0x10, 0x00, 0x08, 0x00, 0x10, 0x00, 0x08,
	  0x00, 0x10, 0x00, 0x08, 0x00, 0x10, 0x00, 0x08, 0x00, 0x10, 0x00, 0x08,
	  0x00, 0x10, 0x00, 0x08, 0x00, 0x10, 0x00, 0x08, 0x00, 0x10, 0x00, 0x08,
	  0x00, 0x10, 0x00, 0x08, 0x00, 0x10, 0x00, 0x08, 0x00, 0x10, 0x00, 0x08,
	  0x00, 0x10, 0x00, 0x08, 0x00, 0x10, 0x00, 0x08, 0x00, 0x10, 0x00, 0x08,
	  0x00, 0x10, 0x00, 0x08, 0x00, 0x10, 0x00, 0x08, 0x00, 0x10, 0x00, 0x08,
	  0x00, 0x10, 0x00, 0x08, 0x00, 0x10, 0x00, 0x08, 0x00, 0x10, 0x00, 0x08,
	  0x00, 0x10, 0x00, 0x08, 0x00, 0x10, 0x00, 0x08, 0x00, 0x10, 0x00, 0x08,
	  0x00, 0x10, 0x00, 0x08, 0x00, 0x10, 0x00, 0x08, 0x00, 0x10, 0x00, 0x08,
	  0x00, 0x10, 0x00, 0x08, 0x00, 0x10, 0x00, 0x08, 0x00, 0x10, 0x00, 0x08,
	  0x00, 0x10, 0x00, 0x08, 0x00, 0x10, 0x00, 0x08, 0x00, 0x10, 0x00, 0x08,
	  0x00, 0x10, 0x00, 0x08, 0x00, 0x10, 0x00, 0x08, 0x00, 0x10, 0x00, 0x08,
	  0x00, 0x10, 0x00, 0x08, 0x00, 0x10, 0x00, 0x08, 0x00, 0x10, 0x00, 0x08,
	  0x00, 0x10, 0x00, 0x08, 0x00, 0x10, 0x00, 0x08, 0x00, 0x10, 0x00, 0x08,
	  0x00, 0x10, 0x00, 0x08, 0x00, 0x10, 0x00, 0x08, 0x00, 0x10, 0x00, 0x08,
	  0x00, 0x10, 0x00, 0x08, 0x00, 0x10, 0x00, 0x08, 0x00, 0x10, 0x00, 0x08,
	  0x00, 0x10, 0x00, 0x08, 0x00, 0x10, 0x00, 0x08, 0x00, 0x10, 0x00, 0x08,
	  0x00, 0x10, 0x00, 0x08, 0x00, 0x10, 0x00, 0x08, 0x00, 0x10, 0x00, 0x08,
	  0x00, 0x10, 0x00, 0x08, 0x00, 0x10, 0x00, 0x08, 0x00, 0x10, 0x00, 0x08,
	  0x00, 0x10, 0x00, 0x08, 0x00, 0x10, 0x00, 0x08, 0x00, 0x10, 0x00, 0x08,
	  0x00, 0x10, 0x00, 0x08, 0x00, 0x10, 0x00, 0x08, 0x00, 0x10, 0x00, 0x08,
	  0x00, 0x10, 0x00, 0x08, 0x00, 0x10, 0x00, 0x08, 0x00, 0x10, 0x00, 0x08,
	  0x00, 0x10, 0x00, 0x08, 0x00, 0x10, 0x00, 0x08, 0x00, 0x10, 0x00, 0x08,
	  0x00, 0x10, 0x00, 0x08, 0x00, 0x10, 0x00, 0x08, 0x00, 0x10, 0x00, 0x08,
	  0x00, 0x10, 0x00, 0x08, 0x00, 0x10, 0x00, 0x08, 0x00, 0x10, 0x00, 0x08,
	  0x00, 0x10, 0x00, 0x08, 0x00, 0x10, 0x00, 0x08, 0x00, 0x10, 0x00, 0x08,
	  0x00, 0x10, 0x00, 0x08, 0x00, 0x10, 0x00, 0x08, 0x00, 0x10, 0x00, 0x08,
	  0x00, 0x10, 0x00, 0x08, 0x00, 0x10, 0x00, 0x08, 0x00, 0x10, 0x00, 0x08,
	  0x00, 0x10, 0x00, 0x08, 0x00, 0x10, 0x00, 0x08, 0x00, 0x10, 0x00, 0x08,
	  0x00, 0x10, 0x00, 0x08, 0x00, 0x10, 0x00, 0x08, 0x00, 0x10, 0x00, 0x08,
	  0x00, 0x10, 0x00, 0x08, 0x00, 0x10, 0x00, 0x08, 0x00, 0x10, 0x00, 0x08,
	  0x00, 0x10, 0x00, 0x08, 0x00, 0x10, 0x00, 0x08, 0x00, 0x10, 0x00, 0x08,
	  0x00, 0x10, 0x00, 0x08, 0x00, 0x10, 0x00, 0x08, 0x00, 0x10, 0x00, 0x08,
	  0x00, 0x10, 0x00, 0x08, 0x00, 0x10, 0x00, 0x08, 0x00, 0x10, 0x00, 0x08,
	  0x00, 0x10, 0x00, 0x08, 0x00, 0x10, 0x00, 0x08, 0x00, 0x10, 0x00, 0x08,
	  0x00, 0x10, 0x00, 0x08, 0x00, 0x10, 0x00, 0x08, 0x00, 0x10, 0x00, 0x08,
	  0x00, 0x10, 0x00, 0x08, 0x00, 0x10, 0x00, 0x08, 0x00, 0x10, 0x00, 0x08,
	  0x00, 0x10, 0x00, 0x08, 0x00, 0x10, 0x00, 0x08, 0x00, 0x10, 0x00, 0x08,
	  0x00, 0x10, 0x00, 0x08, 0x00, 0x10, 0x00, 0x08, 0x00, 0x10, 0x00, 0x08,
	  0x00, 0x10, 0x00, 0x08, 0x00, 0x10, 0x00, 0x08, 0x00, 0x10, 0x00, 0x08,
	  0x00, 0x10, 0x00, 0x08, 0x00, 0x10, 0x00, 0x08, 0x00, 0x10, 0x00, 0x08,
	  0x00, 0x10, 0x00, 0x08, 0x00, 0x10, 0x00, 0x08, 0x00, 0x10, 0x00, 0x08,
	  0x00, 0x10, 0x00, 0x08, 0x00, 0x10, 0x00, 0x08, 0x00, 0x10, 0x00, 0x08,
	  0x00, 0x10, 0x00, 0x08, 0x00, 0x10, 0x00, 0x08, 0x00, 0x10, 0x00, 0x08,
	  0x00, 0x10, 0x00, 0x08, 0x00, 0x10, 0x00, 0x08, 0x00, 0x10, 0x00, 0x08,
	  0x00, 0x10, 0x00, 0x08, 0x00, 0x10, 0x00, 0x08, 0x00, 0x10, 0x00, 0x08,
	  0x00, 0x10, 0x00, 0x08, 0x00, 0x10, 0x00, 0x08, 0x00, 0x10, 0x00, 0x08,
	  0x00, 0x10, 0x00, 0x08, 0x00, 0x10, 0x00, 0x08, 0x00, 0x10, 0x00, 0x08,
	  0x00, 0x10, 0x00, 0x08, 0x00, 0x10, 0x00, 0x08, 0x00, 0x10, 0x00, 0x08,
	  0x00, 0x10, 0x00, 0x08, 0x00, 0x10, 0x00, 0x08, 0x00, 0x10, 0x00, 0x08,
	  0x00, 0x10, 0x00, 0x08, 0x00, 0x10, 0x00, 0x08, 0x00, 0x10, 0x00, 0x08,
	  0x00, 0x10, 0x00, 0x08, 0x00, 0x10, 0x00, 0x08, 0x00, 0x10, 0x00, 0x08,
	  0x00, 0x10, 0x00, 0x08, 0x00, 0x10, 0x00, 0x08, 0x00, 0x10, 0x00, 0x08,
	  0x00, 0x10, 0x00, 0x08, 0x00, 0x10, 0x00, 0x08, 0x00, 0x10, 0x00, 0x08,
	  0x00, 0x10, 0x00, 0x08, 0x00, 0x10, 0x00, 0x08, 0x00, 0x10, 0x00, 0x08,
	  0x00, 0x10, 0x00, 0x08, 0x00, 0x10, 0x00, 0x08, 0x00, 0x10, 0x00, 0x08,
	  0x00, 0x10, 0x00, 0x08, 0x00, 0x10, 0x00, 0x08, 0x00, 0x10, 0x00, 0x08,
	  0x00, 0x10, 0x00, 0x08, 0x00, 0x10, 0x00, 0x08, 0x00, 0x10, 0x00, 0x08,
	  0x00, 0x10, 0x00, 0x08, 0x00, 0x10, 0x00, 0x08, 0x00, 0x10, 0x00, 0x08,
	  0x00, 0x10, 0x00, 0x08, 0x00, 0x10, 0x00, 0x08, 0x00, 0x10, 0x00, 0x08,
	  0x00, 0x10, 0x00, 0x08, 0x00, 0x10, 0x00, 0x08, 0x00, 0x10, 0x00, 0x08,
	  0x00, 0x10, 0x00, 0x08, 0x00, 0x10, 0x00, 0x08, 0x00, 0x10, 0x00, 0x08,
	  0x00, 0x10, 0x00, 0x08, 0x00, 0x10, 0x00, 0x08, 0x00, 0x10, 0x00, 0x08,
	  0x00, 0x10, 0x00, 0x08, 0x00, 0x10, 0x00, 0x08, 0x00, 0x10, 0x00, 0x08,
	  0x00, 0x10, 0x00, 0x08, 0x00, 0x10, 0x00, 0x08, 0x00, 0x10, 0x00, 0x08,
	  0x00, 0x10, 0x00, 0x08, 0x00, 0x10, 0x00, 0x08, 0x00, 0x10, 0x00, 0x08,
	  0x00, 0x10, 0x00, 0x08, 0x00, 0x10, 0x00, 0x08, 0x00, 0x10, 0x00, 0x08,
	  0x00, 0x10, 0x00, 0x08, 0x00, 0x10, 0x00, 0x08, 0x00, 0x10, 0x00, 0x08,
	  0x00, 0x10, 0x00, 0x08, 0x00, 0x10, 0x00, 0x08, 0x00, 0x10, 0x00, 0x08,
	  0x00, 0x10, 0x00, 0x08, 0x00, 0x10, 0x00, 0x08, 0x00, 0x10, 0x00, 0x08,
	  0x00, 0x10, 0x00, 0x08, 0x00, 0x10, 0x00, 0x08, 0x00, 0x10, 0x00, 0x08,
	  0x00, 0x10, 0x00, 0x08, 0x00, 0x10, 0x00, 0x08, 0x00, 0x10, 0x00, 0x08,
	  0x00, 0x10, 0x00, 0x08, 0x00, 0x10, 0x00, 0x08, 0x00, 0x10, 0x00, 0x08,
	  0x00, 0x10, 0x00, 0x08, 0x00, 0x10, 0x00, 0x08, 0x00, 0x10, 0x00, 0x08,
	  0x00, 0x10, 0x00, 0x08, 0x00, 0x10, 0x00, 0x08, 0x00, 0x10, 0x00, 0x08,
	  0x00, 0x10, 0x00, 0x08, 0x00, 0x10, 0x00, 0x08, 0x00, 0x10, 0x00, 0x08,
	  0x00, 0x10, 0x00, 0x08, 0x00, 0x10, 0x00, 0x08, 0x00, 0x10, 0x00, 0x08,
	  0x00, 0x10, 0x00, 0x08, 0x00, 0x10, 0x00, 0x08, 0x00, 0x10, 0x00, 0x08,
	  0x00, 0x10, 0x00, 0x08, 0x00, 0x10, 0x00, 0x00, 0x02, 0x00, 0x00, 0x00,
	  0x00, 0x02, 0x00, 0x00, 0x00, 0x00, 0x00, 0x00, 0x9b, 0x0d, 0xc6, 0x2d,
	  0x9f, 0x04, 0x00, 0x00, 0x09, 0x79, 0x91, 0x68, 0x66, 0x1e, 0x00, 0x00,
	  0x66, 0x1e, 0x64, 0x64, 0x37, 0x7d, 0x00, 0x00, 0x00, 0x00, 0x00, 0x08,
	  0x00, 0x08, 0x00, 0x00, 0x7d, 0x7d, 0x04, 0x01, 0x00, 0x00, 0x00, 0x00,
	  0x00, 0x00, 0x01, 0x00, 0xff, 0x03, 0xef, 0x03, 0xdf, 0x03, 0xce, 0x03,
	  0xbe, 0x03, 0xae, 0x03, 0x9e, 0x03, 0x8d, 0x03, 0x7d, 0x03, 0x6d, 0x03,
	  0x5d, 0x03, 0x4c, 0x03, 0x3c, 0x03, 0x2c, 0x03, 0x1c, 0x03, 0x0b, 0x03,
	  0xfb, 0x02, 0xeb, 0x02, 0xdb, 0x02, 0xca, 0x02, 0xba, 0x02, 0xaa, 0x02,
	  0x9a, 0x02, 0x8a, 0x02, 0x79, 0x02, 0x69, 0x02, 0x59, 0x02, 0x49, 0x02,
	  0x38, 0x02, 0x28, 0x02, 0x18, 0x02, 0x08, 0x02, 0xf7, 0x01, 0xe7, 0x01,
	  0xd7, 0x01, 0xc7, 0x01, 0xb6, 0x01, 0xa6, 0x01, 0x96, 0x01, 0x86, 0x01,
	  0x75, 0x01, 0x65, 0x01, 0x55, 0x01, 0x45, 0x01, 0x35, 0x01, 0x24, 0x01,
	  0x14, 0x01, 0x04, 0x01, 0xf4, 0x00, 0xe3, 0x00, 0xd3, 0x00, 0xc3, 0x00,
	  0xb3, 0x00, 0xa2, 0x00, 0x92, 0x00, 0x82, 0x00, 0x72, 0x00, 0x61, 0x00,
	  0x51, 0x00, 0x41, 0x00, 0x31, 0x00, 0x20, 0x00, 0x10, 0x00, 0x00, 0x00,
	  0x00, 0x00, 0x00, 0x00, 0x00, 0x00, 0x00, 0x00, 0x00, 0x00, 0x00, 0x00,
	  0x00, 0x00, 0x00, 0x00, 0x00, 0x00, 0x00, 0x00, 0x00, 0x00, 0x00, 0x00,
	  0x00, 0x00, 0x00, 0x00, 0x00, 0x00, 0x00, 0x00, 0x00, 0x00, 0x00, 0x00,
	  0x00, 0x00, 0x00, 0x00, 0x00, 0x00, 0x00, 0x00, 0x00, 0x00, 0x00, 0x00,
	  0x00, 0x00, 0x00, 0x00, 0x00, 0x00, 0x00, 0x00, 0x00, 0x00, 0x00, 0x00,
	  0x00, 0x00, 0x00, 0x00, 0x00, 0x00, 0x00, 0x00, 0x00, 0x00, 0x00, 0x00,
	  0x00, 0x00, 0x00, 0x00, 0x00, 0x00, 0x00, 0x00, 0x00, 0x00, 0x00, 0x00,
	  0x00, 0x00, 0x00, 0x00, 0x00, 0x00, 0x00, 0x00, 0x00, 0x00, 0x00, 0x00,
	  0x00, 0x00, 0x00, 0x00, 0x00, 0x00, 0x00, 0x00, 0x00, 0x00, 0x00, 0x00,
	  0x00, 0x00, 0x00, 0x00, 0x00, 0x00, 0x00, 0x00, 0x00, 0x00, 0x00, 0x00,
	  0x00, 0x00, 0x00, 0x00, 0x00, 0x00, 0x00, 0x00, 0x00, 0x00, 0x00, 0x00,
	  0xff, 0x03, 0xef, 0x03, 0xdf, 0x03, 0xce, 0x03, 0xbe, 0x03, 0xae, 0x03,
	  0x9e, 0x03, 0x8d, 0x03, 0x7d, 0x03, 0x6d, 0x03, 0x5d, 0x03, 0x4c, 0x03,
	  0x3c, 0x03, 0x2c, 0x03, 0x1c, 0x03, 0x0b, 0x03, 0xfb, 0x02, 0xeb, 0x02,
	  0xdb, 0x02, 0xca, 0x02, 0xba, 0x02, 0xaa, 0x02, 0x9a, 0x02, 0x8a, 0x02,
	  0x79, 0x02, 0x69, 0x02, 0x59, 0x02, 0x49, 0x02, 0x38, 0x02, 0x28, 0x02,
	  0x18, 0x02, 0x08, 0x02, 0xf7, 0x01, 0xe7, 0x01, 0xd7, 0x01, 0xc7, 0x01,
	  0xb6, 0x01, 0xa6, 0x01, 0x96, 0x01, 0x86, 0x01, 0x75, 0x01, 0x65, 0x01,
	  0x55, 0x01, 0x45, 0x01, 0x35, 0x01, 0x24, 0x01, 0x14, 0x01, 0x04, 0x01,
	  0xf4, 0x00, 0xe3, 0x00, 0xd3, 0x00, 0xc3, 0x00, 0xb3, 0x00, 0xa2, 0x00,
	  0x92, 0x00, 0x82, 0x00, 0x72, 0x00, 0x61, 0x00, 0x51, 0x00, 0x41, 0x00,
	  0x31, 0x00, 0x20, 0x00, 0x10, 0x00, 0x00, 0x00, 0x00, 0x00, 0x00, 0x00,
	  0x00, 0x00, 0x00, 0x00, 0x00, 0x00, 0x00, 0x00, 0x00, 0x00, 0x00, 0x00,
	  0x00, 0x00, 0x00, 0x00, 0x00, 0x00, 0x00, 0x00, 0x00, 0x00, 0x00, 0x00,
	  0x00, 0x00, 0x00, 0x00, 0x00, 0x00, 0x00, 0x00, 0x00, 0x00, 0x00, 0x00,
	  0x00, 0x00, 0x00, 0x00, 0x00, 0x00, 0x00, 0x00, 0x00, 0x00, 0x00, 0x00,
	  0x00, 0x00, 0x00, 0x00, 0x00, 0x00, 0x00, 0x00, 0x00, 0x00, 0x00, 0x00,
	  0x00, 0x00, 0x00, 0x00, 0x00, 0x00, 0x00, 0x00, 0x00, 0x00, 0x00, 0x00,
	  0x00, 0x00, 0x00, 0x00, 0x00, 0x00, 0x00, 0x00, 0x00, 0x00, 0x00, 0x00,
	  0x00, 0x00, 0x00, 0x00, 0x00, 0x00, 0x00, 0x00, 0x00, 0x00, 0x00, 0x00,
	  0x00, 0x00, 0x00, 0x00, 0x00, 0x00, 0x00, 0x00, 0x00, 0x00, 0x00, 0x00,
	  0x00, 0x00, 0x00, 0x00, 0x00, 0x00, 0x00, 0x00, 0x00, 0x00, 0x00, 0x00,
	  0x00, 0x00, 0x00, 0x00, 0x00, 0x00, 0x00, 0x00, 0x01, 0x00, 0x00, 0x00,
	  0x00, 0x04, 0x00, 0x00, 0xf8, 0x03, 0x00, 0x00, 0xf0, 0x03, 0x00, 0x00,
	  0xe8, 0x03, 0x00, 0x00, 0xe0, 0x03, 0x00, 0x00, 0xd8, 0x03, 0x00, 0x00,
	  0xd0, 0x03, 0x00, 0x00, 0xc8, 0x03, 0x00, 0x00, 0xc0, 0x03, 0x00, 0x00,
	  0xb8, 0x03, 0x00, 0x00, 0xb0, 0x03, 0x00, 0x00, 0xa8, 0x03, 0x00, 0x00,
	  0xa0, 0x03, 0x00, 0x00, 0x98, 0x03, 0x00, 0x00, 0x90, 0x03, 0x00, 0x00,
	  0x88, 0x03, 0x00, 0x00, 0x80, 0x03, 0x00, 0x00, 0x78, 0x03, 0x00, 0x00,
	  0x70, 0x03, 0x00, 0x00, 0x68, 0x03, 0x00, 0x00, 0x60, 0x03, 0x00, 0x00,
	  0x58, 0x03, 0x00, 0x00, 0x50, 0x03, 0x00, 0x00, 0x48, 0x03, 0x00, 0x00,
	  0x40, 0x03, 0x00, 0x00, 0x38, 0x03, 0x00, 0x00, 0x30, 0x03, 0x00, 0x00,
	  0x28, 0x03, 0x00, 0x00, 0x20, 0x03, 0x00, 0x00, 0x18, 0x03, 0x00, 0x00,
	  0x10, 0x03, 0x00, 0x00, 0x08, 0x03, 0x00, 0x00, 0x00, 0x03, 0x00, 0x00,
	  0xf8, 0x02, 0x00, 0x00, 0xf0, 0x02, 0x00, 0x00, 0xe8, 0x02, 0x00, 0x00,
	  0xe0, 0x02, 0x00, 0x00, 0xd8, 0x02, 0x00, 0x00, 0xd0, 0x02, 0x00, 0x00,
	  0xc8, 0x02, 0x00, 0x00, 0xc0, 0x02, 0x00, 0x00, 0xb8, 0x02, 0x00, 0x00,
	  0xb0, 0x02, 0x00, 0x00, 0xa8, 0x02, 0x00, 0x00, 0xa0, 0x02, 0x00, 0x00,
	  0x98, 0x02, 0x00, 0x00, 0x90, 0x02, 0x00, 0x00, 0x88, 0x02, 0x00, 0x00,
	  0x80, 0x02, 0x00, 0x00, 0x78, 0x02, 0x00, 0x00, 0x70, 0x02, 0x00, 0x00,
	  0x68, 0x02, 0x00, 0x00, 0x60, 0x02, 0x00, 0x00, 0x58, 0x02, 0x00, 0x00,
	  0x50, 0x02, 0x00, 0x00, 0x48, 0x02, 0x00, 0x00, 0x40, 0x02, 0x00, 0x00,
	  0x38, 0x02, 0x00, 0x00, 0x30, 0x02, 0x00, 0x00, 0x28, 0x02, 0x00, 0x00,
	  0x20, 0x02, 0x00, 0x00, 0x18, 0x02, 0x00, 0x00, 0x10, 0x02, 0x00, 0x00,
	  0x08, 0x02, 0x00, 0x00, 0x00, 0x02, 0x00, 0x00, 0xf8, 0x01, 0x00, 0x00,
	  0xf0, 0x01, 0x00, 0x00, 0xe8, 0x01, 0x00, 0x00, 0xe0, 0x01, 0x00, 0x00,
	  0xd8, 0x01, 0x00, 0x00, 0xd0, 0x01, 0x00, 0x00, 0xc8, 0x01, 0x00, 0x00,
	  0xc0, 0x01, 0x00, 0x00, 0xb8, 0x01, 0x00, 0x00, 0xb0, 0x01, 0x00, 0x00,
	  0xa8, 0x01, 0x00, 0x00, 0xa0, 0x01, 0x00, 0x00, 0x98, 0x01, 0x00, 0x00,
	  0x90, 0x01, 0x00, 0x00, 0x88, 0x01, 0x00, 0x00, 0x80, 0x01, 0x00, 0x00,
	  0x78, 0x01, 0x00, 0x00, 0x70, 0x01, 0x00, 0x00, 0x68, 0x01, 0x00, 0x00,
	  0x60, 0x01, 0x00, 0x00, 0x58, 0x01, 0x00, 0x00, 0x50, 0x01, 0x00, 0x00,
	  0x48, 0x01, 0x00, 0x00, 0x40, 0x01, 0x00, 0x00, 0x38, 0x01, 0x00, 0x00,
	  0x30, 0x01, 0x00, 0x00, 0x28, 0x01, 0x00, 0x00, 0x20, 0x01, 0x00, 0x00,
	  0x18, 0x01, 0x00, 0x00, 0x10, 0x01, 0x00, 0x00, 0x08, 0x01, 0x00, 0x00,
	  0x00, 0x01, 0x00, 0x00, 0xf8, 0x00, 0x00, 0x00, 0xf0, 0x00, 0x00, 0x00,
	  0xe8, 0x00, 0x00, 0x00, 0xe0, 0x00, 0x00, 0x00, 0xd8, 0x00, 0x00, 0x00,
	  0xd0, 0x00, 0x00, 0x00, 0xc8, 0x00, 0x00, 0x00, 0xc0, 0x00, 0x00, 0x00,
	  0xb8, 0x00, 0x00, 0x00, 0xb0, 0x00, 0x00, 0x00, 0xa8, 0x00, 0x00, 0x00,
	  0xa0, 0x00, 0x00, 0x00, 0x98, 0x00, 0x00, 0x00, 0x90, 0x00, 0x00, 0x00,
	  0x88, 0x00, 0x00, 0x00, 0x80, 0x00, 0x00, 0x00, 0x78, 0x00, 0x00, 0x00,
	  0x70, 0x00, 0x00, 0x00, 0x68, 0x00, 0x00, 0x00, 0x60, 0x00, 0x00, 0x00,
	  0x58, 0x00, 0x00, 0x00, 0x50, 0x00, 0x00, 0x00, 0x48, 0x00, 0x00, 0x00,
	  0x40, 0x00, 0x00, 0x00, 0x38, 0x00, 0x00, 0x00, 0x30, 0x00, 0x00, 0x00,
	  0x28, 0x00, 0x00, 0x00, 0x20, 0x00, 0x00, 0x00, 0x18, 0x00, 0x00, 0x00,
	  0x10, 0x00, 0x00, 0x00, 0x08, 0x00, 0x00, 0x00, 0x00, 0x00, 0x00, 0x00,
	  0x00, 0x04, 0x00, 0x00, 0xf8, 0x03, 0x00, 0x00, 0xf0, 0x03, 0x00, 0x00,
	  0xe8, 0x03, 0x00, 0x00, 0xe0, 0x03, 0x00, 0x00, 0xd8, 0x03, 0x00, 0x00,
	  0xd0, 0x03, 0x00, 0x00, 0xc8, 0x03, 0x00, 0x00, 0xc0, 0x03, 0x00, 0x00,
	  0xb8, 0x03, 0x00, 0x00, 0xb0, 0x03, 0x00, 0x00, 0xa8, 0x03, 0x00, 0x00,
	  0xa0, 0x03, 0x00, 0x00, 0x98, 0x03, 0x00, 0x00, 0x90, 0x03, 0x00, 0x00,
	  0x88, 0x03, 0x00, 0x00, 0x80, 0x03, 0x00, 0x00, 0x78, 0x03, 0x00, 0x00,
	  0x70, 0x03, 0x00, 0x00, 0x68, 0x03, 0x00, 0x00, 0x60, 0x03, 0x00, 0x00,
	  0x58, 0x03, 0x00, 0x00, 0x50, 0x03, 0x00, 0x00, 0x48, 0x03, 0x00, 0x00,
	  0x40, 0x03, 0x00, 0x00, 0x38, 0x03, 0x00, 0x00, 0x30, 0x03, 0x00, 0x00,
	  0x28, 0x03, 0x00, 0x00, 0x20, 0x03, 0x00, 0x00, 0x18, 0x03, 0x00, 0x00,
	  0x10, 0x03, 0x00, 0x00, 0x08, 0x03, 0x00, 0x00, 0x00, 0x03, 0x00, 0x00,
	  0xf8, 0x02, 0x00, 0x00, 0xf0, 0x02, 0x00, 0x00, 0xe8, 0x02, 0x00, 0x00,
	  0xe0, 0x02, 0x00, 0x00, 0xd8, 0x02, 0x00, 0x00, 0xd0, 0x02, 0x00, 0x00,
	  0xc8, 0x02, 0x00, 0x00, 0xc0, 0x02, 0x00, 0x00, 0xb8, 0x02, 0x00, 0x00,
	  0xb0, 0x02, 0x00, 0x00, 0xa8, 0x02, 0x00, 0x00, 0xa0, 0x02, 0x00, 0x00,
	  0x98, 0x02, 0x00, 0x00, 0x90, 0x02, 0x00, 0x00, 0x88, 0x02, 0x00, 0x00,
	  0x80, 0x02, 0x00, 0x00, 0x78, 0x02, 0x00, 0x00, 0x70, 0x02, 0x00, 0x00,
	  0x68, 0x02, 0x00, 0x00, 0x60, 0x02, 0x00, 0x00, 0x58, 0x02, 0x00, 0x00,
	  0x50, 0x02, 0x00, 0x00, 0x48, 0x02, 0x00, 0x00, 0x40, 0x02, 0x00, 0x00,
	  0x38, 0x02, 0x00, 0x00, 0x30, 0x02, 0x00, 0x00, 0x28, 0x02, 0x00, 0x00,
	  0x20, 0x02, 0x00, 0x00, 0x18, 0x02, 0x00, 0x00, 0x10, 0x02, 0x00, 0x00,
	  0x08, 0x02, 0x00, 0x00, 0x00, 0x02, 0x00, 0x00, 0xf8, 0x01, 0x00, 0x00,
	  0xf0, 0x01, 0x00, 0x00, 0xe8, 0x01, 0x00, 0x00, 0xe0, 0x01, 0x00, 0x00,
	  0xd8, 0x01, 0x00, 0x00, 0xd0, 0x01, 0x00, 0x00, 0xc8, 0x01, 0x00, 0x00,
	  0xc0, 0x01, 0x00, 0x00, 0xb8, 0x01, 0x00, 0x00, 0xb0, 0x01, 0x00, 0x00,
	  0xa8, 0x01, 0x00, 0x00, 0xa0, 0x01, 0x00, 0x00, 0x98, 0x01, 0x00, 0x00,
	  0x90, 0x01, 0x00, 0x00, 0x88, 0x01, 0x00, 0x00, 0x80, 0x01, 0x00, 0x00,
	  0x78, 0x01, 0x00, 0x00, 0x70, 0x01, 0x00, 0x00, 0x68, 0x01, 0x00, 0x00,
	  0x60, 0x01, 0x00, 0x00, 0x58, 0x01, 0x00, 0x00, 0x50, 0x01, 0x00, 0x00,
	  0x48, 0x01, 0x00, 0x00, 0x40, 0x01, 0x00, 0x00, 0x38, 0x01, 0x00, 0x00,
	  0x30, 0x01, 0x00, 0x00, 0x28, 0x01, 0x00, 0x00, 0x20, 0x01, 0x00, 0x00,
	  0x18, 0x01, 0x00, 0x00, 0x10, 0x01, 0x00, 0x00, 0x08, 0x01, 0x00, 0x00,
	  0x00, 0x01, 0x00, 0x00, 0xf8, 0x00, 0x00, 0x00, 0xf0, 0x00, 0x00, 0x00,
	  0xe8, 0x00, 0x00, 0x00, 0xe0, 0x00, 0x00, 0x00, 0xd8, 0x00, 0x00, 0x00,
	  0xd0, 0x00, 0x00, 0x00, 0xc8, 0x00, 0x00, 0x00, 0xc0, 0x00, 0x00, 0x00,
	  0xb8, 0x00, 0x00, 0x00, 0xb0, 0x00, 0x00, 0x00, 0xa8, 0x00, 0x00, 0x00,
	  0xa0, 0x00, 0x00, 0x00, 0x98, 0x00, 0x00, 0x00, 0x90, 0x00, 0x00, 0x00,
	  0x88, 0x00, 0x00, 0x00, 0x80, 0x00, 0x00, 0x00, 0x78, 0x00, 0x00, 0x00,
	  0x70, 0x00, 0x00, 0x00, 0x68, 0x00, 0x00, 0x00, 0x60, 0x00, 0x00, 0x00,
	  0x58, 0x00, 0x00, 0x00, 0x50, 0x00, 0x00, 0x00, 0x48, 0x00, 0x00, 0x00,
	  0x40, 0x00, 0x00, 0x00, 0x38, 0x00, 0x00, 0x00, 0x30, 0x00, 0x00, 0x00,
	  0x28, 0x00, 0x00, 0x00, 0x20, 0x00, 0x00, 0x00, 0x18, 0x00, 0x00, 0x00,
	  0x10, 0x00, 0x00, 0x00, 0x08, 0x00, 0x00, 0x00, 0x00, 0x00, 0x00, 0x00,
	  0x00, 0x00, 0x01, 0x00, 0x01, 0x00, 0x00, 0x00, 0x00, 0x0f, 0x70, 0x08,
	  0x00, 0x00, 0x00, 0x00, 0x00, 0x00, 0x33, 0x03, 0x66, 0x06, 0x99, 0x09,
	  0xcc, 0x0c, 0xff, 0x0f, 0x00, 0x00, 0x33, 0x03, 0x66, 0x06, 0x99, 0x09,
	  0xcc, 0x0c, 0x00, 0x00, 0xff, 0x0f, 0xff, 0x0f, 0xff, 0x0f, 0xff, 0x0f,
	  0xff, 0x0f, 0x00, 0x00
};
